truck_id,timestamp,latitude,longitude,speed,source
AKG4490,2026-04-06 10:53:27,4.545536,101.147155,0.0,CSH
AKG4490,2026-04-06 10:59:26,4.54522,101.145911,0.0,CSH
AKG4490,2026-04-06 11:05:24,4.54522,101.145911,0.0,CSH
AKG4490,2026-04-06 11:11:22,4.54547,101.145795,0.0,CSH
AKG4490,2026-04-06 11:17:21,4.54513,101.146151,0.0,CSH
AKG4490,2026-04-06 11:23:04,4.545441,101.146826,5.55,CSH
AKG4490,2026-04-06 11:28:18,4.533738,101.136497,51.8,CSH
AKG4490,2026-04-06 11:33:42,4.525869,101.121608,12.95,CSH
AKG4490,2026-04-06 11:39:15,4.525761,101.121146,0.0,CSH
AKG4490,2026-04-06 11:45:13,4.525761,101.121146,0.0,CSH
AKG4490,2026-04-06 11:50:38,4.515706,101.1036,64.75,CSH
AKG4490,2026-04-06 11:56:10,4.495928,101.075191,68.45,CSH
AKG4490,2026-04-06 12:02:08,4.465151,101.049786,68.45,CSH
AKG4490,2026-04-06 12:08:07,4.466628,101.015457,0.0,CSH
AKG4490,2026-04-06 12:14:05,4.436458,100.998986,85.1,CSH
AKG4490,2026-04-06 12:20:03,4.394124,100.981671,75.85,CSH
AKG4490,2026-04-06 12:26:02,4.361288,100.96232,57.35,CSH
AKG4490,2026-04-06 12:31:33,4.358713,100.933911,3.7,CSH
AKG4490,2026-04-06 12:36:59,4.35342,100.882035,27.75,CSH
AKG4490,2026-04-06 12:42:57,4.361851,100.851751,79.55,CSH
AKG4490,2026-04-06 12:48:12,4.36043,100.825928,5.55,CSH
AKG4490,2026-04-06 12:53:16,4.335576,100.80304,53.65,CSH
AKG4490,2026-04-06 12:58:52,4.274603,100.769617,85.1,CSH
AKG4490,2026-04-06 13:04:01,4.247806,100.729511,5.55,CSH
AKG4490,2026-04-06 13:09:49,4.239433,100.694497,48.1,CSH
AKG4490,2026-04-06 13:15:03,4.24112,100.679137,5.55,CSH
AKG4490,2026-04-06 13:20:14,4.254945,100.663813,25.9,CSH
AKG4490,2026-04-06 13:25:37,4.254861,100.661271,3.7,CSH
AKG4490,2026-04-06 13:30:43,4.256106,100.662257,0.0,CSH
AKG4490,2026-04-06 13:36:16,4.25659,100.660933,16.65,CSH
AKG4490,2026-04-06 13:41:40,4.255031,100.663164,0.0,CSH
AKG4490,2026-04-06 13:46:57,4.253991,100.659688,16.65,CSH
AKG4490,2026-04-06 13:52:23,4.253453,100.660124,5.55,CSH
AKG4490,2026-04-06 13:57:36,4.253446,100.660142,0.0,CSH
AKG4490,2026-04-06 14:03:34,4.253446,100.660142,0.0,CSH
AKG4490,2026-04-06 14:08:44,4.253466,100.660142,3.7,CSH
AKG4490,2026-04-06 14:14:31,4.253143,100.659635,0.0,CSH
AKG4490,2026-04-06 14:19:42,4.254703,100.661191,3.7,CSH
AKG9501,2026-04-06 13:36:57,4.545703,101.14736,0.0,CSH
AKG9501,2026-04-06 13:41:57,4.545184,101.146266,0.0,CSH
AKG9501,2026-04-06 13:46:58,4.545223,101.146062,0.0,CSH
AKG9501,2026-04-06 13:51:59,4.545208,101.146035,1.85,CSH
AKG9501,2026-04-06 13:56:59,4.545209,101.145982,0.0,CSH
AKG9501,2026-04-06 14:02:00,4.545431,101.145831,0.0,CSH
AKG9501,2026-04-06 14:07:01,4.545473,101.145751,0.0,CSH
AKG9501,2026-04-06 14:12:01,4.545153,101.145937,0.0,CSH
AKG9501,2026-04-06 14:17:02,4.54514,101.146204,7.4,CSH
AKG9501,2026-04-06 14:22:03,4.543796,101.1512,9.25,CSH
AKG9501,2026-04-06 14:27:03,4.531815,101.133484,59.2,CSH
AKG9501,2026-04-06 14:32:04,4.529225,101.13032,0.0,CSH
AKG9501,2026-04-06 14:37:05,4.525664,101.121057,0.0,CSH
AKG9501,2026-04-06 14:42:06,4.525664,101.121057,0.0,CSH
AKG9501,2026-04-06 14:47:07,4.525664,101.121057,0.0,CSH
AKG9501,2026-04-06 14:52:07,4.525664,101.121057,0.0,CSH
AKG9501,2026-04-06 14:57:08,4.525664,101.121057,0.0,CSH
AKG9501,2026-04-06 15:02:09,4.525664,101.121057,0.0,CSH
AKG9501,2026-04-06 15:07:10,4.525664,101.121057,0.0,CSH
AKG9501,2026-04-06 15:12:11,4.525664,101.121057,0.0,CSH
AKG9501,2026-04-06 15:17:11,4.525664,101.121057,0.0,CSH
AKG9501,2026-04-06 15:22:12,4.526025,101.120951,9.25,CSH
AKG9501,2026-04-06 15:27:13,4.516268,101.096835,46.25,CSH
AKG9501,2026-04-06 15:32:13,4.48476,101.069511,75.85,CSH
AKG9501,2026-04-06 15:37:14,4.464964,101.046382,51.8,CSH
AKG9501,2026-04-06 15:42:15,4.460788,101.020666,85.1,CSH
AKG9501,2026-04-06 15:47:16,4.458301,100.996897,86.95,CSH
AKG9501,2026-04-06 15:52:17,4.410878,100.9864,68.45,CSH
AKG9501,2026-04-06 15:57:17,4.366185,100.978693,0.0,CSH
AKG9501,2026-04-06 16:02:18,4.358875,100.966711,22.2,CSH
AKG9501,2026-04-06 16:07:19,4.359035,100.934346,44.4,CSH
AKG9501,2026-04-06 16:12:19,4.353268,100.882417,59.2,CSH
AKG9501,2026-04-06 16:17:20,4.361621,100.844915,40.7,CSH
AKG9501,2026-04-06 16:22:21,4.348653,100.814844,77.7,CSH
AKG9501,2026-04-06 16:27:22,4.313888,100.793235,86.95,CSH
AKG9501,2026-04-06 16:32:22,4.261805,100.754817,86.95,CSH
AKG9501,2026-04-06 16:37:23,4.248371,100.721582,7.4,CSH
AKG9501,2026-04-06 16:42:24,4.236558,100.690328,53.65,CSH
AKG9501,2026-04-06 16:47:25,4.241961,100.677173,35.15,CSH
AKG9501,2026-04-06 16:52:26,4.25502,100.663128,0.0,CSH
AKG9501,2026-04-06 16:57:26,4.25391,100.659715,12.95,CSH
AKG9501,2026-04-06 17:02:27,4.254678,100.661182,0.0,CSH
AKG9501,2026-04-06 17:07:28,4.255483,100.661128,9.25,CSH
AKG9501,2026-04-06 17:12:29,4.256361,100.661991,0.0,CSH
AKG9501,2026-04-06 17:17:29,4.25646,100.661128,11.1,CSH
AKG9501,2026-04-06 17:22:30,4.255261,100.662675,0.0,CSH
AKG9827,2026-04-06 14:28:40,4.545536,101.147191,0.0,CSH
AKG9827,2026-04-06 14:33:41,4.545728,101.144844,11.1,CSH
AKG9827,2026-04-06 14:38:42,4.545343,101.145182,0.0,CSH
AKG9827,2026-04-06 14:43:43,4.54524,101.145448,0.0,CSH
AKG9827,2026-04-06 14:48:45,4.545521,101.145813,0.0,CSH
AKG9827,2026-04-06 14:53:46,4.545131,101.145804,5.55,CSH
AKG9827,2026-04-06 14:58:47,4.545133,101.146142,0.0,CSH
AKG9827,2026-04-06 15:03:48,4.545091,101.1464,0.0,CSH
AKG9827,2026-04-06 15:08:49,4.544985,101.150124,11.1,CSH
AKG9827,2026-04-06 15:13:50,4.533588,101.138417,35.15,CSH
AKG9827,2026-04-06 15:18:51,4.525715,101.13168,0.0,CSH
AKG9827,2026-04-06 15:23:52,4.502745,101.146702,0.0,CSH
AKG9827,2026-04-06 15:28:53,4.485891,101.101164,85.1,CSH
AKG9827,2026-04-06 15:33:54,4.465566,101.05672,85.1,CSH
AKG9827,2026-04-06 15:38:55,4.45817,101.030782,66.6,CSH
AKG9827,2026-04-06 15:43:57,4.468613,100.996195,37.0,CSH
AKG9827,2026-04-06 15:48:58,4.415608,100.987555,77.7,CSH
AKG9827,2026-04-06 15:53:59,4.376104,100.980248,79.55,CSH
AKG9827,2026-04-06 15:59:00,4.358503,100.967413,0.0,CSH
AKG9827,2026-04-06 16:04:01,4.358383,100.933253,0.0,CSH
AKG9827,2026-04-06 16:09:02,4.350173,100.891084,79.55,CSH
AKG9827,2026-04-06 16:14:03,4.361761,100.849688,64.75,CSH
AKG9827,2026-04-06 16:19:04,4.347069,100.80632,61.05,CSH
AKG9827,2026-04-06 16:24:06,4.312148,100.792568,77.7,CSH
AKG9827,2026-04-06 16:29:07,4.261523,100.754417,86.95,CSH
AKG9827,2026-04-06 16:34:08,4.248276,100.723173,53.65,CSH
AKG9827,2026-04-06 16:39:09,4.238966,100.693982,51.8,CSH
AKG9827,2026-04-06 16:44:10,4.241491,100.678471,0.0,CSH
AKG9827,2026-04-06 16:49:11,4.254975,100.663297,0.0,CSH
AKG9827,2026-04-06 16:54:12,4.255075,100.662746,0.0,CSH
AKG9827,2026-04-06 16:59:13,4.254611,100.661164,0.0,CSH
AKG9827,2026-04-06 17:04:15,4.256063,100.66216,0.0,CSH
AKG9827,2026-04-06 17:09:15,4.256063,100.66216,0.0,CSH
AKG9827,2026-04-06 17:14:17,4.25632,100.661511,9.25,CSH
AKG9827,2026-04-06 17:19:18,4.25526,100.662666,0.0,CSH
AKH1983,2026-04-06 08:08:54,4.544963,101.144466,12.0,CSH
AKH1983,2026-04-06 08:14:09,4.550766,101.142223,7.0,CSH
AKH1983,2026-04-06 08:19:09,4.556455,101.145341,9.0,CSH
AKH1983,2026-04-06 08:24:54,4.56194,101.149616,0.0,CSH
AKH1983,2026-04-06 08:29:54,4.56194,101.149616,0.0,CSH
AKH1983,2026-04-06 08:34:54,4.56194,101.149616,0.0,CSH
AKH1983,2026-04-06 08:39:59,4.562185,101.149728,0.0,CSH
AKH1983,2026-04-06 08:44:59,4.562208,101.149769,0.0,CSH
AKH1983,2026-04-06 08:50:26,4.560135,101.147475,13.0,CSH
AKH1983,2026-04-06 08:55:26,4.560058,101.146873,0.0,CSH
AKH1983,2026-04-06 09:00:26,4.560058,101.146873,0.0,CSH
AKH1983,2026-04-06 09:05:26,4.560058,101.146873,0.0,CSH
AKH1983,2026-04-06 09:10:26,4.560058,101.146873,0.0,CSH
AKH1983,2026-04-06 09:15:26,4.560058,101.146873,0.0,CSH
AKH1983,2026-04-06 09:21:02,4.554406,101.143655,12.0,CSH
AKH1983,2026-04-06 09:26:02,4.547494,101.14209,13.0,CSH
AKH1983,2026-04-06 09:31:31,4.54503,101.150068,7.0,CSH
AKH1983,2026-04-06 09:37:28,4.533704,101.136701,47.0,CSH
AKH1983,2026-04-06 09:43:18,4.51474,101.138398,45.0,CSH
AKH1983,2026-04-06 10:46:48,4.502205,101.147705,0.0,CSH
AKH1983,2026-04-06 10:51:54,4.502243,101.14779,0.0,CSH
AKH1983,2026-04-06 10:57:43,4.50204,101.147086,0.0,CSH
AKH1983,2026-04-06 11:02:50,4.491438,101.145743,9.0,CSH
AKH1983,2026-04-06 11:08:37,4.494743,101.123311,57.0,CSH
AKH1983,2026-04-06 11:14:32,4.472743,101.071043,56.0,CSH
AKH1983,2026-04-06 11:19:49,4.471198,101.069088,0.0,CSH
AKH1983,2026-04-06 11:24:49,4.471198,101.069088,0.0,CSH
AKH1983,2026-04-06 11:30:25,4.465541,101.05601,64.0,CSH
AKH1983,2026-04-06 11:36:10,4.464763,101.017318,61.0,CSH
AKH1983,2026-04-06 11:41:16,4.468954,100.996203,14.0,CSH
AKH1983,2026-04-06 11:46:58,4.416973,100.98828,57.0,CSH
AKH1983,2026-04-06 11:51:58,4.367946,100.979733,64.0,CSH
AKH1983,2026-04-06 11:57:46,4.362293,100.959706,0.0,CSH
AKH1983,2026-04-06 12:02:46,4.358719,100.933973,0.0,CSH
AKH1983,2026-04-06 12:07:46,4.348906,100.901256,67.0,CSH
AKH1983,2026-04-06 12:12:46,4.355573,100.872831,0.0,CSH
AKH1983,2026-04-06 12:17:46,4.361605,100.843925,48.0,CSH
AKH1983,2026-04-06 12:23:17,4.346801,100.804505,31.0,CSH
AKH1983,2026-04-06 12:28:50,4.300821,100.786805,76.0,CSH
AKH1983,2026-04-06 12:33:50,4.257411,100.748794,78.0,CSH
AKH1983,2026-04-06 12:39:32,4.248606,100.71811,0.0,CSH
AKH1983,2026-04-06 12:44:32,4.235811,100.688919,0.0,CSH
AKH1983,2026-04-06 12:49:50,4.245121,100.662598,32.0,CSH
AKH1983,2026-04-06 12:55:01,4.255053,100.662613,0.0,CSH
AKH1983,2026-04-06 13:00:41,4.254086,100.660956,0.0,CSH
AKH1983,2026-04-06 13:05:54,4.25572,100.66045,13.0,CSH
AKH1983,2026-04-06 13:11:19,4.257163,100.663241,7.0,CSH
AKH1983,2026-04-06 13:16:26,4.257231,100.663428,0.0,CSH
AKH1983,2026-04-06 13:21:26,4.257231,100.663428,0.0,CSH
AKH1983,2026-04-06 13:27:13,4.255771,100.662888,13.0,CSH
AKH1983,2026-04-06 13:32:50,4.25526,100.662659,0.0,CSH
AKH3826,2026-04-06 09:15:17,4.545501,101.147173,0.0,CSH
AKH3826,2026-04-06 09:20:17,4.545255,101.145706,0.0,CSH
AKH3826,2026-04-06 09:25:17,4.545124,101.14608,0.0,CSH
AKH3826,2026-04-06 09:30:17,4.545124,101.14608,0.0,CSH
AKH3826,2026-04-06 09:35:17,4.545746,101.148808,18.5,CSH
AKH3826,2026-04-06 09:40:49,4.53338,101.135404,49.95,CSH
AKH3826,2026-04-06 09:45:53,4.525838,101.121608,11.1,CSH
AKH3826,2026-04-06 09:51:16,4.5256,101.12144,0.0,CSH
AKH3826,2026-04-06 09:56:17,4.5256,101.12144,0.0,CSH
AKH3826,2026-04-06 10:01:17,4.5256,101.12144,0.0,CSH
AKH3826,2026-04-06 10:06:17,4.5256,101.12144,0.0,CSH
AKH3826,2026-04-06 10:11:17,4.526205,101.11984,37.0,CSH
AKH3826,2026-04-06 10:16:17,4.511875,101.086657,66.6,CSH
AKH3826,2026-04-06 10:21:17,4.473706,101.069333,5.55,CSH
AKH3826,2026-04-06 10:26:17,4.464776,101.043804,0.0,CSH
AKH3826,2026-04-06 10:31:18,4.466726,101.015306,0.0,CSH
AKH3826,2026-04-06 10:36:18,4.468029,100.99616,49.95,CSH
AKH3826,2026-04-06 10:41:18,4.421006,100.992435,55.5,CSH
AKH3826,2026-04-06 10:46:18,4.385386,100.980684,79.55,CSH
AKH3826,2026-04-06 10:51:18,4.358576,100.96728,0.0,CSH
AKH3826,2026-04-06 10:56:18,4.361728,100.940417,7.4,CSH
AKH3826,2026-04-06 11:01:19,4.35024,100.904497,83.25,CSH
AKH3826,2026-04-06 11:06:19,4.355835,100.871573,33.3,CSH
AKH3826,2026-04-06 11:11:19,4.359283,100.824773,49.95,CSH
AKH3826,2026-04-06 11:16:19,4.332346,100.80016,72.15,CSH
AKH3826,2026-04-06 11:21:19,4.279065,100.772702,81.4,CSH
AKH3826,2026-04-06 11:26:20,4.247083,100.73592,62.9,CSH
AKH3826,2026-04-06 11:31:20,4.24801,100.72784,31.45,CSH
AKH3826,2026-04-06 11:36:20,4.235966,100.689271,0.0,CSH
AKH3826,2026-04-06 11:41:20,4.242303,100.675573,51.8,CSH
AKH3826,2026-04-06 11:46:20,4.255063,100.662746,0.0,CSH
AKH3826,2026-04-06 11:51:21,4.255785,100.660533,12.95,CSH
AKH3826,2026-04-06 11:56:21,4.256156,100.662622,0.0,CSH
AKH3826,2026-04-06 12:01:21,4.256208,100.662177,0.0,CSH
AKH3826,2026-04-06 12:06:21,4.255736,100.660933,18.5,CSH
AKH6958,2026-04-06 10:13:25,4.545419,101.146897,3.7,CSH
AKH6958,2026-04-06 10:18:25,4.545475,101.145751,0.0,CSH
AKH6958,2026-04-06 10:23:26,4.545475,101.145751,0.0,CSH
AKH6958,2026-04-06 10:28:26,4.545121,101.146124,0.0,CSH
AKH6958,2026-04-06 10:33:26,4.545121,101.146124,0.0,CSH
AKH6958,2026-04-06 10:38:26,4.544993,101.150071,9.25,CSH
AKH6958,2026-04-06 10:43:26,4.53125,101.132826,38.85,CSH
AKH6958,2026-04-06 10:48:26,4.526038,101.122115,42.55,CSH
AKH6958,2026-04-06 10:53:26,4.525631,101.121422,0.0,CSH
AKH6958,2026-04-06 10:58:26,4.525616,101.12128,0.0,CSH
AKH6958,2026-04-06 11:03:26,4.525616,101.12128,0.0,CSH
AKH6958,2026-04-06 11:08:26,4.525771,101.121217,0.0,CSH
AKH6958,2026-04-06 11:13:26,4.525771,101.121217,0.0,CSH
AKH6958,2026-04-06 11:18:26,4.52604,101.119075,33.3,CSH
AKH6958,2026-04-06 11:23:26,4.515063,101.0888,35.15,CSH
AKH6958,2026-04-06 11:28:26,4.474131,101.069324,38.85,CSH
AKH6958,2026-04-06 11:33:26,4.464724,101.043297,0.0,CSH
AKH6958,2026-04-06 11:38:26,4.46802,101.013004,66.6,CSH
AKH6958,2026-04-06 11:43:26,4.441808,100.999022,86.95,CSH
AKH6958,2026-04-06 11:48:26,4.401503,100.984506,44.4,CSH
AKH6958,2026-04-06 11:53:26,4.358411,100.967893,14.8,CSH
AKH6958,2026-04-06 11:58:26,4.35997,100.935955,44.4,CSH
AKH6958,2026-04-06 12:03:26,4.352201,100.884631,86.95,CSH
AKH6958,2026-04-06 12:08:26,4.358613,100.862693,59.2,CSH
AKH6958,2026-04-06 12:13:26,4.3607,100.826124,0.0,CSH
AKH6958,2026-04-06 12:18:26,4.338211,100.801093,62.9,CSH
AKH6958,2026-04-06 12:24:26,4.274238,100.769315,85.1,CSH
AKH6958,2026-04-06 12:29:26,4.247741,100.729528,3.7,CSH
AKH6958,2026-04-06 12:34:26,4.24854,100.707893,62.9,CSH
AKH6958,2026-04-06 12:39:26,4.24155,100.678408,0.0,CSH
AKH6958,2026-04-06 12:44:26,4.254946,100.663706,25.9,CSH
AKH6958,2026-04-06 12:49:26,4.254175,100.66104,0.0,CSH
AKH6958,2026-04-06 12:54:26,4.256106,100.660684,24.05,CSH
AKH6958,2026-04-06 12:59:26,4.256116,100.662257,0.0,CSH
AKH6958,2026-04-06 13:04:26,4.256116,100.662257,0.0,CSH
AKH6958,2026-04-06 13:09:31,4.256525,100.66088,18.5,CSH
AKH6958,2026-04-06 13:14:46,4.254986,100.663591,16.65,CSH
AKH6958,2026-04-06 13:20:14,4.255436,100.660346,18.5,CSH
AKH6958,2026-04-06 13:25:25,4.25332,100.660266,1.85,CSH
AKH6958,2026-04-06 13:30:25,4.253373,100.660062,0.0,CSH
AKH6958,2026-04-06 13:35:25,4.253373,100.660062,0.0,CSH
AKH6958,2026-04-06 13:40:25,4.253373,100.660062,0.0,CSH
AKH6958,2026-04-06 13:45:25,4.253373,100.660062,0.0,CSH
AKH6958,2026-04-06 13:50:25,4.253373,100.660062,0.0,CSH
AKH6958,2026-04-06 13:55:25,4.253166,100.659617,0.0,CSH
AKH6958,2026-04-06 14:01:25,4.253166,100.659617,0.0,CSH
AKH6958,2026-04-06 14:07:24,4.255098,100.66336,24.05,CSH
AKJ3829,2026-04-06 09:28:12,4.545008,101.14672,20.35,CSH
AKJ3829,2026-04-06 09:34:11,4.533551,101.135573,57.35,CSH
AKJ3829,2026-04-06 09:39:11,4.528651,101.12928,35.15,CSH
AKJ3829,2026-04-06 09:45:10,4.514798,101.09472,70.3,CSH
AKJ3829,2026-04-06 09:50:10,4.489961,101.072782,70.3,CSH
AKJ3829,2026-04-06 09:56:09,4.4649,101.046497,64.75,CSH
AKJ3829,2026-04-06 10:01:09,4.463616,101.01832,70.3,CSH
AKJ3829,2026-04-06 10:06:09,4.465328,100.996168,72.15,CSH
AKJ3829,2026-04-06 10:12:08,4.408768,100.986275,83.25,CSH
AKJ3829,2026-04-06 10:17:08,4.366193,100.978791,1.85,CSH
AKJ3829,2026-04-06 10:22:44,4.36222,100.960213,3.7,CSH
AKJ3829,2026-04-06 10:28:07,4.353581,100.919155,75.85,CSH
AKJ3829,2026-04-06 10:34:06,4.355665,100.872453,0.0,CSH
AKJ3829,2026-04-06 10:39:06,4.361651,100.847955,51.8,CSH
AKJ3829,2026-04-06 10:45:05,4.347106,100.807377,62.9,CSH
AKJ3829,2026-04-06 10:50:05,4.310249,100.79176,79.55,CSH
AKJ3829,2026-04-06 10:56:05,4.255136,100.746337,74.0,CSH
AKJ3829,2026-04-06 11:01:13,4.248625,100.718168,3.7,CSH
AKJ3829,2026-04-06 11:06:29,4.235933,100.689191,3.7,CSH
AKJ3829,2026-04-06 11:12:03,4.254133,100.66392,16.65,CSH
AKJ3829,2026-04-06 11:17:03,4.255031,100.662968,0.0,CSH
AKJ3829,2026-04-06 11:22:48,4.254695,100.661191,3.7,CSH
AKJ3829,2026-04-06 11:27:51,4.25313,100.662951,3.7,CSH
AKJ3829,2026-04-06 11:33:02,4.253076,100.66304,0.0,CSH
AKJ3829,2026-04-06 11:38:41,4.253028,100.662995,5.55,CSH
AKJ3829,2026-04-06 11:44:01,4.255065,100.66272,0.0,CSH
AKJ3829,2026-04-06 11:49:20,4.253381,100.659502,12.95,CSH
AKJ3829,2026-04-06 11:55:00,4.253421,100.660124,0.0,CSH
AKJ3829,2026-04-06 12:00:59,4.253421,100.660124,0.0,CSH
AKJ3829,2026-04-06 12:05:59,4.253415,100.660195,5.55,CSH
AKJ3829,2026-04-06 12:10:59,4.25308,100.660702,0.0,CSH
AKJ3829,2026-04-06 12:15:59,4.25469,100.661155,3.7,CSH
AKJ9508,2026-04-06 10:53:02,4.545359,101.146862,0.0,CSH
AKJ9508,2026-04-06 10:58:30,4.545386,101.145555,0.0,CSH
AKJ9508,2026-04-06 11:03:58,4.545441,101.145813,0.0,CSH
AKJ9508,2026-04-06 11:09:26,4.545173,101.145991,0.0,CSH
AKJ9508,2026-04-06 11:14:53,4.545098,101.146337,0.0,CSH
AKJ9508,2026-04-06 11:20:21,4.545401,101.146826,0.0,CSH
AKJ9508,2026-04-06 11:25:28,4.535023,101.149804,53.65,CSH
AKJ9508,2026-04-06 11:30:35,4.517643,101.136053,24.05,CSH
AKJ9508,2026-04-06 11:36:02,4.499073,101.130755,75.85,CSH
AKJ9508,2026-04-06 11:41:28,4.474099,101.084808,74.0,CSH
AKJ9508,2026-04-06 11:46:56,4.463955,101.039368,40.7,CSH
AKJ9508,2026-04-06 11:52:23,4.467575,101.014328,31.45,CSH
AKJ9508,2026-04-06 11:57:26,4.45404,100.996933,83.25,CSH
AKJ9508,2026-04-06 12:02:36,4.404204,100.985244,33.3,CSH
AKJ9508,2026-04-06 12:08:03,4.360988,100.973528,64.75,CSH
AKJ9508,2026-04-06 12:13:31,4.362521,100.949555,70.3,CSH
AKJ9508,2026-04-06 12:18:58,4.351715,100.908942,86.95,CSH
AKJ9508,2026-04-06 12:24:25,4.355708,100.872346,0.0,CSH
AKJ9508,2026-04-06 12:29:52,4.361598,100.836506,48.1,CSH
AKJ9508,2026-04-06 12:35:19,4.347771,100.811955,48.1,CSH
AKJ9508,2026-04-06 12:40:47,4.314328,100.79344,77.7,CSH
AKJ9508,2026-04-06 12:46:14,4.260505,100.753004,85.1,CSH
AKJ9508,2026-04-06 12:51:42,4.248618,100.718062,9.25,CSH
AKJ9508,2026-04-06 12:57:09,4.235963,100.689235,0.0,CSH
AKJ9508,2026-04-06 13:02:16,4.244101,100.668177,12.95,CSH
AKJ9508,2026-04-06 13:07:24,4.24523,100.663075,0.0,CSH
AKJ9508,2026-04-06 13:12:29,4.245596,100.662382,12.95,CSH
AKJ9508,2026-04-06 13:17:39,4.255151,100.662657,5.55,CSH
AKJ9508,2026-04-06 13:23:06,4.25629,100.662097,11.1,CSH
AKJ9508,2026-04-06 13:28:34,4.256128,100.662151,0.0,CSH
AKJ9508,2026-04-06 13:34:01,4.25387,100.65976,11.1,CSH
AKJ9769,2026-04-06 15:01:46,4.545578,101.14712,0.0,CSH
AKJ9769,2026-04-06 15:06:47,4.545428,101.145697,3.7,CSH
AKJ9769,2026-04-06 15:11:47,4.545468,101.145795,0.0,CSH
AKJ9769,2026-04-06 15:16:48,4.545165,101.146195,1.85,CSH
AKJ9769,2026-04-06 15:21:48,4.545166,101.146186,0.0,CSH
AKJ9769,2026-04-06 15:26:48,4.54496,101.150204,12.95,CSH
AKJ9769,2026-04-06 15:31:49,4.532723,101.134577,38.85,CSH
AKJ9769,2026-04-06 15:36:49,4.525793,101.121297,0.0,CSH
AKJ9769,2026-04-06 15:41:50,4.525851,101.121315,0.0,CSH
AKJ9769,2026-04-06 15:46:50,4.525851,101.121315,0.0,CSH
AKJ9769,2026-04-06 15:51:51,4.525851,101.121315,0.0,CSH
AKJ9769,2026-04-06 15:56:51,4.518324,101.108444,40.7,CSH
AKJ9769,2026-04-06 16:01:51,4.517186,101.083866,37.0,CSH
AKJ9769,2026-04-06 16:06:52,4.540825,101.070133,37.0,CSH
AKJ9769,2026-04-06 16:11:52,4.541101,101.051991,48.1,CSH
AKJ9769,2026-04-06 16:16:53,4.542089,101.039822,22.2,CSH
AKJ9769,2026-04-06 16:21:53,4.567401,101.049786,11.1,CSH
AKJ9769,2026-04-06 16:26:54,4.577996,101.046231,0.0,CSH
AKJ9769,2026-04-06 17:31:01,4.577996,101.046231,0.0,CSH
AKJ9769,2026-04-06 18:31:07,4.577996,101.046231,0.0,CSH
AKJ9769,2026-04-06 19:31:13,4.577996,101.046231,0.0,CSH
AKJ9769,2026-04-06 20:31:19,4.577996,101.046231,0.0,CSH
AKJ9769,2026-04-06 21:31:25,4.577996,101.046231,0.0,CSH
AKJ9769,2026-04-06 22:31:31,4.577996,101.046231,0.0,CSH
AKJ9769,2026-04-06 23:31:37,4.577996,101.046231,0.0,CSH
AKJ9769,2026-04-06 23:59:56,4.577996,101.046231,0.0,CSH
AKJ9769,2026-04-07 00:31:43,4.577996,101.046231,0.0,CSH
AKJ9769,2026-04-07 01:31:48,4.577996,101.046231,0.0,CSH
AKJ9769,2026-04-07 02:31:54,4.577996,101.046231,0.0,CSH
AKJ9769,2026-04-07 03:32:00,4.577996,101.046231,0.0,CSH
AKJ9769,2026-04-07 04:32:05,4.577996,101.046231,0.0,CSH
AKJ9769,2026-04-07 05:32:10,4.577996,101.046231,0.0,CSH
AKJ9769,2026-04-07 06:32:16,4.577996,101.046231,0.0,CSH
AKJ9769,2026-04-07 07:07:50,4.577996,101.046231,0.0,CSH
AKJ9769,2026-04-07 07:12:51,4.577996,101.046231,0.0,CSH
AKJ9769,2026-04-07 07:17:51,4.577996,101.046231,0.0,CSH
AKJ9769,2026-04-07 07:22:51,4.577996,101.046231,0.0,CSH
AKJ9769,2026-04-07 07:27:52,4.577996,101.046231,0.0,CSH
AKJ9769,2026-04-07 07:32:52,4.577996,101.046231,0.0,CSH
AKJ9769,2026-04-07 07:37:53,4.577996,101.046231,0.0,CSH
AKJ9769,2026-04-07 07:42:53,4.577145,101.037706,46.25,CSH
AKJ9769,2026-04-07 07:47:54,4.546376,101.029982,53.65,CSH
AKJ9769,2026-04-07 07:52:54,4.504996,101.022577,49.95,CSH
AKJ9769,2026-04-07 07:57:55,4.493336,101.01816,12.95,CSH
AKJ9769,2026-04-07 08:02:55,4.462705,100.996346,86.95,CSH
AKJ9769,2026-04-07 08:07:56,4.421188,100.992631,44.4,CSH
AKJ9769,2026-04-07 08:12:56,4.376371,100.980257,85.1,CSH
AKJ9769,2026-04-07 08:17:57,4.361333,100.962124,55.5,CSH
AKJ9769,2026-04-07 08:22:57,4.357381,100.928862,64.75,CSH
AKJ9769,2026-04-07 08:27:58,4.354469,100.879626,44.4,CSH
AKJ9769,2026-04-07 08:32:58,4.360273,100.858613,70.3,CSH
AKJ9769,2026-04-07 08:37:59,4.359893,100.825422,29.6,CSH
AKJ9769,2026-04-07 08:42:59,4.345225,100.790782,16.65,CSH
AKJ9769,2026-04-07 08:48:00,4.307621,100.762951,59.2,CSH
AKJ9769,2026-04-07 08:53:01,4.273095,100.738488,79.55,CSH
AKJ9769,2026-04-07 08:58:01,4.248566,100.721528,0.0,CSH
AKJ9769,2026-04-07 09:03:02,4.23596,100.689262,0.0,CSH
AKJ9769,2026-04-07 09:08:02,4.243208,100.671102,53.65,CSH
AKJ9769,2026-04-07 09:13:03,4.255045,100.662728,0.0,CSH
AKJ9769,2026-04-07 09:18:03,4.253843,100.660915,0.0,CSH
AKJ9769,2026-04-07 09:23:04,4.254933,100.661288,5.55,CSH
AKJ9769,2026-04-07 09:28:04,4.256141,100.66216,0.0,CSH
AKJ9769,2026-04-07 09:33:05,4.256141,100.66216,0.0,CSH
AKJ9769,2026-04-07 09:38:05,4.255955,100.662568,0.0,CSH
AKJ9769,2026-04-07 09:43:06,4.25434,100.661066,3.7,CSH
AKJ9769,2026-04-07 09:48:06,4.25527,100.66256,0.0,CSH
AKK602,2026-04-06 11:51:55,4.547056,101.142151,20.35,CSH
AKK602,2026-04-06 11:56:56,4.543283,101.151644,20.35,CSH
AKK602,2026-04-06 12:01:56,4.537836,101.151724,0.0,CSH
AKK602,2026-04-06 12:06:57,4.537836,101.151724,0.0,CSH
AKK602,2026-04-06 12:11:57,4.534056,101.141022,51.8,CSH
AKK602,2026-04-06 12:16:57,4.529353,101.130462,20.35,CSH
AKK602,2026-04-06 12:21:58,4.52058,101.109448,29.6,CSH
AKK602,2026-04-06 12:26:58,4.508616,101.083137,66.6,CSH
AKK602,2026-04-06 12:31:59,4.473361,101.069351,0.0,CSH
AKK602,2026-04-06 12:36:59,4.464815,101.043857,12.95,CSH
AKK602,2026-04-06 12:41:59,4.46675,101.015333,0.0,CSH
AKK602,2026-04-06 12:47:00,4.467618,101.000808,35.15,CSH
AKK602,2026-04-06 12:52:00,4.447341,100.997893,64.75,CSH
AKK602,2026-04-06 12:57:00,4.402265,100.98472,44.4,CSH
AKK602,2026-04-06 13:02:01,4.366335,100.978853,0.0,CSH
AKK602,2026-04-06 13:07:01,4.362211,100.960364,55.5,CSH
AKK602,2026-04-06 13:12:01,4.358693,100.933857,18.5,CSH
AKK602,2026-04-06 13:17:02,4.350248,100.890693,72.15,CSH
AKK602,2026-04-06 13:22:02,4.359063,100.861244,64.75,CSH
AKK602,2026-04-06 13:27:02,4.36292,100.832,59.2,CSH
AKK602,2026-04-06 13:32:02,4.347106,100.806462,62.9,CSH
AKK602,2026-04-06 13:37:03,4.33441,100.801191,29.6,CSH
AKK602,2026-04-06 13:42:03,4.331376,100.799804,0.0,CSH
AKK602,2026-04-06 13:47:04,4.331376,100.799804,0.0,CSH
AKK602,2026-04-06 13:52:04,4.331376,100.799804,0.0,CSH
AKK602,2026-04-06 13:57:04,4.331376,100.799804,0.0,CSH
AKK602,2026-04-06 14:02:04,4.331376,100.799804,0.0,CSH
AKK602,2026-04-06 14:07:05,4.331376,100.799804,0.0,CSH
AKK602,2026-04-06 14:12:05,4.331376,100.799804,0.0,CSH
AKK602,2026-04-06 14:17:06,4.331376,100.799804,0.0,CSH
AKK602,2026-04-06 14:22:06,4.331376,100.799804,0.0,CSH
AKK602,2026-04-06 14:27:06,4.331376,100.799804,0.0,CSH
AKK602,2026-04-06 14:32:07,4.331376,100.799804,0.0,CSH
AKK602,2026-04-06 14:37:07,4.331376,100.799804,0.0,CSH
AKK602,2026-04-06 14:42:07,4.331376,100.799804,0.0,CSH
AKK602,2026-04-06 14:47:08,4.331376,100.799804,0.0,CSH
AKK602,2026-04-06 14:52:08,4.331376,100.799804,0.0,CSH
AKK602,2026-04-06 14:57:09,4.331376,100.799804,0.0,CSH
AKK602,2026-04-06 15:02:09,4.331376,100.799804,0.0,CSH
AKK602,2026-04-06 15:07:09,4.331376,100.799804,0.0,CSH
AKK602,2026-04-06 15:12:10,4.331376,100.799804,0.0,CSH
AKK602,2026-04-06 15:17:10,4.331376,100.799804,0.0,CSH
AKK602,2026-04-06 15:22:11,4.331376,100.799804,0.0,CSH
AKK602,2026-04-06 15:27:11,4.331376,100.799804,0.0,CSH
AKK602,2026-04-06 15:32:11,4.331376,100.799804,0.0,CSH
AKK602,2026-04-06 15:37:12,4.331376,100.799804,0.0,CSH
AKK602,2026-04-06 15:42:12,4.331376,100.799804,0.0,CSH
AKK602,2026-04-06 15:47:13,4.331376,100.799804,0.0,CSH
AKK602,2026-04-06 15:52:13,4.331376,100.799804,0.0,CSH
AKK602,2026-04-06 15:57:13,4.331376,100.799804,0.0,CSH
AKK602,2026-04-06 16:02:14,4.331376,100.799804,0.0,CSH
AKK602,2026-04-06 16:07:14,4.331376,100.799804,0.0,CSH
AKK602,2026-04-06 16:12:14,4.331376,100.799804,0.0,CSH
AKK602,2026-04-06 16:17:15,4.331376,100.799804,0.0,CSH
AKK602,2026-04-06 16:22:15,4.331376,100.799804,0.0,CSH
AKK602,2026-04-06 16:27:15,4.331376,100.799804,0.0,CSH
AKK602,2026-04-06 16:32:16,4.331376,100.799804,0.0,CSH
AKK602,2026-04-06 16:37:16,4.331376,100.799804,0.0,CSH
AKK602,2026-04-06 16:42:16,4.331376,100.799804,0.0,CSH
AKK602,2026-04-06 16:47:17,4.331376,100.799804,0.0,CSH
AKK602,2026-04-06 16:52:17,4.331376,100.799804,0.0,CSH
AKK602,2026-04-06 16:57:17,4.331376,100.799804,0.0,CSH
AKK602,2026-04-06 17:02:18,4.331376,100.799804,0.0,CSH
AKK602,2026-04-06 17:07:18,4.315818,100.794,72.15,CSH
AKK602,2026-04-06 17:12:19,4.266701,100.76176,75.85,CSH
AKK602,2026-04-06 17:17:19,4.24784,100.729208,18.5,CSH
AKK602,2026-04-06 17:22:19,4.243018,100.698088,55.5,CSH
AKK602,2026-04-06 17:27:20,4.241941,100.677351,55.5,CSH
AKK602,2026-04-06 17:32:20,4.245043,100.663795,0.0,CSH
AKK602,2026-04-06 17:37:20,4.248436,100.662835,49.95,CSH
AKK602,2026-04-06 17:42:20,4.25514,100.662631,1.85,CSH
AKK602,2026-04-06 17:47:21,4.255556,100.660497,5.55,CSH
AKK602,2026-04-06 17:52:21,4.253205,100.662888,1.85,CSH
AKK602,2026-04-06 17:57:22,4.25328,100.663004,0.0,CSH
AKK602,2026-04-06 18:02:22,4.254795,100.661226,3.7,CSH
AKR608,2026-04-06 08:01:06,4.545533,101.147288,0.0,CSH
AKR608,2026-04-06 08:06:11,4.54531,101.146888,3.7,CSH
AKR608,2026-04-06 08:11:17,4.5452,101.145431,0.0,CSH
AKR608,2026-04-06 08:16:23,4.545271,101.145777,9.25,CSH
AKR608,2026-04-06 08:21:28,4.545286,101.145635,0.0,CSH
AKR608,2026-04-06 08:26:34,4.54511,101.146088,0.0,CSH
AKR608,2026-04-06 08:31:40,4.545285,101.146675,0.0,CSH
AKR608,2026-04-06 08:36:46,4.543775,101.151208,12.95,CSH
AKR608,2026-04-06 08:41:52,4.533701,101.136693,42.55,CSH
AKR608,2026-04-06 08:46:57,4.513981,101.138808,64.75,CSH
AKR608,2026-04-06 08:52:03,4.491776,101.116408,83.25,CSH
AKR608,2026-04-06 08:57:09,4.467351,101.067128,75.85,CSH
AKR608,2026-04-06 09:02:15,4.457403,101.024186,72.15,CSH
AKR608,2026-04-06 09:07:21,4.467643,101.002755,11.1,CSH
AKR608,2026-04-06 09:12:27,4.425083,100.994035,74.0,CSH
AKR608,2026-04-06 09:17:33,4.390978,100.980933,88.8,CSH
AKR608,2026-04-06 09:22:38,4.359336,100.971937,64.75,CSH
AKR608,2026-04-06 09:27:44,4.362445,100.950906,72.15,CSH
AKR608,2026-04-06 09:32:50,4.349675,100.893262,74.0,CSH
AKR608,2026-04-06 09:37:56,4.359465,100.860257,77.7,CSH
AKR608,2026-04-06 09:43:02,4.356421,100.822266,66.6,CSH
AKR608,2026-04-06 09:48:07,4.342095,100.801493,0.0,CSH
AKR608,2026-04-06 09:53:13,4.342095,100.801493,0.0,CSH
AKR608,2026-04-06 09:58:19,4.327636,100.798337,77.7,CSH
AKR608,2026-04-06 10:03:25,4.269108,100.764622,88.8,CSH
AKR608,2026-04-06 10:08:31,4.247991,100.727404,42.55,CSH
AKR608,2026-04-06 10:13:37,4.24567,100.700853,48.1,CSH
AKR608,2026-04-06 10:18:42,4.239998,100.681066,42.55,CSH
AKR608,2026-04-06 10:23:48,4.253678,100.663831,7.4,CSH
AKR608,2026-04-06 10:28:54,4.255121,100.662586,9.25,CSH
AKR608,2026-04-06 10:34:00,4.255248,100.661511,0.0,CSH
AKR608,2026-04-06 10:39:06,4.256548,100.660853,12.95,CSH
AKR608,2026-04-06 10:44:12,4.256078,100.662266,0.0,CSH
AKR608,2026-04-06 10:49:17,4.2537,100.660568,22.2,CSH
AKX2636,2026-04-06 05:58:19,4.545876,101.147973,0.0,CSH
AKX2636,2026-04-06 06:03:46,4.545991,101.147946,0.0,CSH
AKX2636,2026-04-06 06:09:13,4.545991,101.147946,0.0,CSH
AKX2636,2026-04-06 06:14:40,4.545991,101.147946,0.0,CSH
AKX2636,2026-04-06 06:20:07,4.545991,101.147946,0.0,CSH
AKX2636,2026-04-06 06:25:34,4.545991,101.147946,0.0,CSH
AKX2636,2026-04-06 06:31:01,4.545991,101.147946,0.0,CSH
AKX2636,2026-04-06 06:36:28,4.545991,101.147946,0.0,CSH
AKX2636,2026-04-06 06:41:54,4.545855,101.147946,0.0,CSH
AKX2636,2026-04-06 06:47:21,4.545855,101.147946,0.0,CSH
AKX2636,2026-04-06 06:52:48,4.545855,101.147946,0.0,CSH
AKX2636,2026-04-06 06:58:15,4.545855,101.147946,0.0,CSH
AKX2636,2026-04-06 07:03:42,4.545855,101.147946,0.0,CSH
AKX2636,2026-04-06 07:09:09,4.545855,101.147946,0.0,CSH
AKX2636,2026-04-06 07:14:36,4.54571,101.147413,0.0,CSH
AKX2636,2026-04-06 07:19:39,4.545308,101.145128,11.1,CSH
AKX2636,2026-04-06 07:24:49,4.545168,101.145422,0.0,CSH
AKX2636,2026-04-06 07:30:16,4.545168,101.145422,0.0,CSH
AKX2636,2026-04-06 07:35:43,4.545295,101.145644,0.0,CSH
AKX2636,2026-04-06 07:41:10,4.545085,101.146133,0.0,CSH
AKX2636,2026-04-06 07:46:37,4.5451,101.146311,0.0,CSH
AKX2636,2026-04-06 07:52:03,4.54508,101.146355,0.0,CSH
AKX2636,2026-04-06 07:57:30,4.54508,101.146355,0.0,CSH
AKX2636,2026-04-06 08:02:57,4.545083,101.146391,0.0,CSH
AKX2636,2026-04-06 08:08:19,4.545631,101.147262,9.25,CSH
AKX2636,2026-04-06 08:13:30,4.53553,101.145493,46.25,CSH
AKX2636,2026-04-06 08:18:37,4.525645,101.121431,0.0,CSH
AKX2636,2026-04-06 08:24:04,4.525776,101.121351,0.0,CSH
AKX2636,2026-04-06 08:29:31,4.52576,101.121146,0.0,CSH
AKX2636,2026-04-06 08:34:53,4.523206,101.111413,53.65,CSH
AKX2636,2026-04-06 08:40:25,4.50483,101.077946,62.9,CSH
AKX2636,2026-04-06 08:45:52,4.472775,101.06928,22.2,CSH
AKX2636,2026-04-06 08:51:19,4.464498,101.04168,38.85,CSH
AKX2636,2026-04-06 08:56:28,4.467951,101.013084,44.4,CSH
AKX2636,2026-04-06 09:01:32,4.450596,100.996773,75.85,CSH
AKX2636,2026-04-06 09:06:59,4.406003,100.985777,51.8,CSH
AKX2636,2026-04-06 09:12:25,4.365611,100.978115,33.3,CSH
AKX2636,2026-04-06 09:17:52,4.362164,100.943662,57.35,CSH
AKX2636,2026-04-06 09:23:19,4.352775,100.913688,75.85,CSH
AKX2636,2026-04-06 09:28:46,4.356305,100.869173,57.35,CSH
AKX2636,2026-04-06 09:34:13,4.360473,100.825964,0.0,CSH
AKX2636,2026-04-06 09:39:40,4.341798,100.801173,40.7,CSH
AKX2636,2026-04-06 09:44:41,4.292445,100.781448,85.1,CSH
AKX2636,2026-04-06 09:49:45,4.244521,100.73936,38.85,CSH
AKX2636,2026-04-06 09:55:21,4.248391,100.721235,20.35,CSH
AKX2636,2026-04-06 10:00:48,4.235911,100.689182,0.0,CSH
AKX2636,2026-04-06 10:06:15,4.243465,100.669795,61.05,CSH
AKX2636,2026-04-06 10:11:42,4.255,100.663155,0.0,CSH
AKX2636,2026-04-06 10:17:09,4.254155,100.660995,0.0,CSH
AKX2636,2026-04-06 10:22:27,4.255618,100.660488,12.95,CSH
AKX2636,2026-04-06 10:28:03,4.256056,100.662151,0.0,CSH
AKX2636,2026-04-06 10:33:30,4.256203,100.662577,9.25,CSH
AKX2636,2026-04-06 10:38:57,4.255361,100.661564,9.25,CSH
AKX270,2026-04-06 14:01:02,4.54567,101.147377,0.0,CSH
AKX270,2026-04-06 14:06:08,4.545343,101.145217,0.0,CSH
AKX270,2026-04-06 14:11:14,4.545343,101.145217,0.0,CSH
AKX270,2026-04-06 14:16:20,4.545271,101.145351,0.0,CSH
AKX270,2026-04-06 14:21:27,4.545258,101.145502,0.0,CSH
AKX270,2026-04-06 14:26:33,4.545455,101.145875,0.0,CSH
AKX270,2026-04-06 14:31:39,4.545468,101.14576,0.0,CSH
AKX270,2026-04-06 14:36:46,4.545153,101.146168,0.0,CSH
AKX270,2026-04-06 14:41:52,4.545131,101.1464,0.0,CSH
AKX270,2026-04-06 14:46:58,4.543301,101.151635,16.65,CSH
AKX270,2026-04-06 14:52:05,4.531163,101.132711,46.25,CSH
AKX270,2026-04-06 14:57:11,4.51061,101.140684,55.5,CSH
AKX270,2026-04-06 15:02:18,4.497161,101.127946,35.15,CSH
AKX270,2026-04-06 15:07:24,4.474345,101.078257,81.4,CSH
AKX270,2026-04-06 15:12:31,4.464731,101.043377,0.0,CSH
AKX270,2026-04-06 15:17:37,4.467966,101.009768,68.45,CSH
AKX270,2026-04-06 15:22:44,4.45361,100.996986,0.0,CSH
AKX270,2026-04-06 15:27:50,4.437103,100.999155,86.95,CSH
AKX270,2026-04-06 15:32:56,4.397291,100.9828,42.55,CSH
AKX270,2026-04-06 15:38:03,4.35849,100.967448,18.5,CSH
AKX270,2026-04-06 15:43:09,4.36191,100.941137,0.0,CSH
AKX270,2026-04-06 15:48:15,4.348901,100.897111,85.1,CSH
AKX270,2026-04-06 15:53:22,4.356236,100.8696,51.8,CSH
AKX270,2026-04-06 15:58:28,4.360583,100.826097,0.0,CSH
AKX270,2026-04-06 16:03:34,4.337828,100.801448,59.2,CSH
AKX270,2026-04-06 16:08:40,4.284743,100.776426,88.8,CSH
AKX270,2026-04-06 16:13:47,4.246596,100.737413,62.9,CSH
AKX270,2026-04-06 16:18:54,4.245706,100.700924,68.45,CSH
AKX270,2026-04-06 16:24:00,4.241428,100.678586,0.0,CSH
AKX270,2026-04-06 16:29:06,4.255015,100.662977,0.0,CSH
AKX270,2026-04-06 16:34:12,4.253843,100.659777,14.8,CSH
AKX270,2026-04-06 16:39:19,4.255001,100.661431,0.0,CSH
AKX270,2026-04-06 16:44:25,4.255523,100.660577,11.1,CSH
AKX270,2026-04-06 16:49:31,4.256145,100.662293,1.85,CSH
AKX270,2026-04-06 16:54:38,4.255716,100.660551,16.65,CSH
AKX270,2026-04-06 16:59:44,4.255321,100.662204,18.5,CSH
ALA618,2026-04-06 07:37:29,4.545101,101.145875,5.55,CSH
ALA618,2026-04-06 07:43:18,4.545303,101.145182,0.0,CSH
ALA618,2026-04-06 07:49:17,4.545303,101.145182,0.0,CSH
ALA618,2026-04-06 07:55:16,4.545235,101.145297,0.0,CSH
ALA618,2026-04-06 08:01:14,4.545201,101.14544,0.0,CSH
ALA618,2026-04-06 08:06:14,4.545201,101.14544,0.0,CSH
ALA618,2026-04-06 08:12:12,4.545303,101.145671,0.0,CSH
ALA618,2026-04-06 08:17:12,4.545116,101.145875,0.0,CSH
ALA618,2026-04-06 08:22:36,4.545096,101.146204,5.55,CSH
ALA618,2026-04-06 08:27:41,4.545068,101.14648,3.7,CSH
ALA618,2026-04-06 08:32:44,4.542638,101.152062,3.7,CSH
ALA618,2026-04-06 08:38:08,4.529038,101.130328,27.75,CSH
ALA618,2026-04-06 08:43:35,4.502335,101.146657,16.65,CSH
ALA618,2026-04-06 08:49:05,4.486308,101.102266,83.25,CSH
ALA618,2026-04-06 08:55:04,4.465365,101.052106,81.4,CSH
ALA618,2026-04-06 09:00:06,4.457798,101.023537,72.15,CSH
ALA618,2026-04-06 09:05:10,4.469124,100.996293,22.2,CSH
ALA618,2026-04-06 09:10:32,4.42332,100.993813,5.55,CSH
ALA618,2026-04-06 09:16:00,4.394211,100.981653,70.3,CSH
ALA618,2026-04-06 09:21:00,4.358523,100.967333,0.0,CSH
ALA618,2026-04-06 09:26:14,4.361816,100.940862,5.55,CSH
ALA618,2026-04-06 09:31:57,4.350506,100.906124,74.0,CSH
ALA618,2026-04-06 09:37:56,4.358936,100.861493,66.6,CSH
ALA618,2026-04-06 09:42:56,4.36036,100.825884,0.0,CSH
ALA618,2026-04-06 09:48:54,4.343504,100.802657,0.0,CSH
ALA618,2026-04-06 09:54:53,4.343504,100.802657,0.0,CSH
ALA618,2026-04-06 10:00:52,4.323988,100.797022,83.25,CSH
ALA618,2026-04-06 10:06:51,4.261426,100.754346,88.8,CSH
ALA618,2026-04-06 10:12:50,4.248566,100.71856,16.65,CSH
ALA618,2026-04-06 10:18:49,4.23587,100.689066,0.0,CSH
ALA618,2026-04-06 10:24:48,4.244298,100.665875,72.15,CSH
ALA618,2026-04-06 10:30:46,4.255,100.663057,0.0,CSH
ALA618,2026-04-06 10:35:46,4.254533,100.659955,24.05,CSH
ALA618,2026-04-06 10:41:45,4.255055,100.661457,0.0,CSH
ALA618,2026-04-06 10:47:17,4.256115,100.662168,3.7,CSH
ALA618,2026-04-06 10:52:42,4.256118,100.66216,0.0,CSH
ALA618,2026-04-06 10:57:42,4.256176,100.662702,0.0,CSH
ALA618,2026-04-06 11:03:02,4.254491,100.661111,3.7,CSH
AMN6861,2026-04-06 12:14:18,4.545381,101.146888,0.0,CSH
AMN6861,2026-04-06 12:19:18,4.545495,101.145804,0.0,CSH
AMN6861,2026-04-06 12:24:19,4.545573,101.146826,3.7,CSH
AMN6861,2026-04-06 12:29:19,4.545128,101.146133,0.0,CSH
AMN6861,2026-04-06 12:34:20,4.545148,101.1464,7.4,CSH
AMN6861,2026-04-06 12:39:20,4.539658,101.151573,33.3,CSH
AMN6861,2026-04-06 12:44:21,4.529368,101.130506,0.0,CSH
AMN6861,2026-04-06 12:49:21,4.525686,101.121413,0.0,CSH
AMN6861,2026-04-06 12:54:22,4.525686,101.121413,0.0,CSH
AMN6861,2026-04-06 12:59:22,4.525686,101.121413,0.0,CSH
AMN6861,2026-04-06 13:04:23,4.525705,101.121333,0.0,CSH
AMN6861,2026-04-06 13:09:24,4.525705,101.121333,0.0,CSH
AMN6861,2026-04-06 13:14:24,4.525705,101.121333,0.0,CSH
AMN6861,2026-04-06 13:19:25,4.525705,101.121333,0.0,CSH
AMN6861,2026-04-06 13:24:25,4.525705,101.121333,0.0,CSH
AMN6861,2026-04-06 13:29:26,4.524134,101.113351,53.65,CSH
AMN6861,2026-04-06 13:34:26,4.514169,101.090942,48.1,CSH
AMN6861,2026-04-06 13:39:27,4.47899,101.069217,62.9,CSH
AMN6861,2026-04-06 13:44:27,4.464741,101.043386,0.0,CSH
AMN6861,2026-04-06 13:49:28,4.457418,101.02432,55.5,CSH
AMN6861,2026-04-06 13:54:29,4.467698,101.003093,59.2,CSH
AMN6861,2026-04-06 13:59:29,4.430221,100.997955,64.75,CSH
AMN6861,2026-04-06 14:04:30,4.381971,100.980577,72.15,CSH
AMN6861,2026-04-06 14:09:30,4.359071,100.971555,57.35,CSH
AMN6861,2026-04-06 14:14:31,4.362446,100.953573,55.5,CSH
AMN6861,2026-04-06 14:19:31,4.350178,100.903866,75.85,CSH
AMN6861,2026-04-06 14:24:32,4.35579,100.871973,25.9,CSH
AMN6861,2026-04-06 14:29:32,4.36076,100.826222,0.0,CSH
AMN6861,2026-04-06 14:34:33,4.342471,100.801715,22.2,CSH
AMN6861,2026-04-06 14:39:33,4.299368,100.785955,75.85,CSH
AMN6861,2026-04-06 14:44:34,4.255491,100.746604,75.85,CSH
AMN6861,2026-04-06 14:49:34,4.248596,100.718497,25.9,CSH
AMN6861,2026-04-06 14:54:35,4.235958,100.689164,0.0,CSH
AMN6861,2026-04-06 14:59:35,4.246966,100.66256,37.0,CSH
AMN6861,2026-04-06 15:04:36,4.255096,100.662693,0.0,CSH
AMN6861,2026-04-06 15:09:36,4.255446,100.661386,9.25,CSH
AMN6861,2026-04-06 15:14:37,4.256296,100.661937,0.0,CSH
AMN6861,2026-04-06 15:19:38,4.256101,100.662284,0.0,CSH
AMN6861,2026-04-06 15:24:38,4.256368,100.661511,9.25,CSH
AMN6861,2026-04-06 15:29:39,4.255333,100.66264,0.0,CSH
ANL8861,2026-04-06 14:01:22,4.545545,101.147164,0.0,CSH
ANL8861,2026-04-06 14:06:22,4.545265,101.145386,0.0,CSH
ANL8861,2026-04-06 14:11:22,4.545265,101.145386,0.0,CSH
ANL8861,2026-04-06 14:16:22,4.545265,101.145493,0.0,CSH
ANL8861,2026-04-06 14:21:22,4.545461,101.145848,0.0,CSH
ANL8861,2026-04-06 14:26:22,4.545456,101.145777,0.0,CSH
ANL8861,2026-04-06 14:31:23,4.545136,101.146133,0.0,CSH
ANL8861,2026-04-06 14:36:23,4.545433,101.146853,0.0,CSH
ANL8861,2026-04-06 14:41:23,4.540999,101.151786,37.0,CSH
ANL8861,2026-04-06 14:46:23,4.524173,101.132435,31.45,CSH
ANL8861,2026-04-06 14:51:23,4.50263,101.146755,0.0,CSH
ANL8861,2026-04-06 14:56:24,4.487998,101.106364,85.1,CSH
ANL8861,2026-04-06 15:01:24,4.465751,101.0612,83.25,CSH
ANL8861,2026-04-06 15:06:24,4.457151,101.0284,66.6,CSH
ANL8861,2026-04-06 15:11:24,4.46773,101.003715,27.75,CSH
ANL8861,2026-04-06 15:16:24,4.430608,100.998062,77.7,CSH
ANL8861,2026-04-06 15:21:24,4.393829,100.981564,59.2,CSH
ANL8861,2026-04-06 15:26:25,4.364086,100.976551,49.95,CSH
ANL8861,2026-04-06 15:31:25,4.362238,100.960275,0.0,CSH
ANL8861,2026-04-06 15:36:25,4.353945,100.920888,70.3,CSH
ANL8861,2026-04-06 15:41:25,4.356263,100.869582,49.95,CSH
ANL8861,2026-04-06 15:46:25,4.359993,100.825484,38.85,CSH
ANL8861,2026-04-06 15:51:26,4.333635,100.800684,66.6,CSH
ANL8861,2026-04-06 15:56:26,4.277851,100.771848,83.25,CSH
ANL8861,2026-04-06 16:01:26,4.247733,100.732275,70.3,CSH
ANL8861,2026-04-06 16:06:26,4.248831,100.713546,55.5,CSH
ANL8861,2026-04-06 16:11:26,4.23663,100.686942,44.4,CSH
ANL8861,2026-04-06 16:16:27,4.254705,100.664008,24.05,CSH
ANL8861,2026-04-06 16:21:27,4.255083,100.662711,3.7,CSH
ANL8861,2026-04-06 16:26:27,4.256431,100.661226,9.25,CSH
ANL8861,2026-04-06 16:31:28,4.256156,100.662204,0.0,CSH
ANL8861,2026-04-06 16:36:28,4.256156,100.662204,0.0,CSH
ANL8861,2026-04-06 16:41:28,4.256318,100.661786,0.0,CSH
ANL8861,2026-04-06 16:46:28,4.255273,100.661475,7.4,CSH
ANM1861,2026-04-06 08:02:12,4.559253,101.156035,0.0,CSH
ANM1861,2026-04-06 08:07:12,4.558468,101.155617,0.0,CSH
ANM1861,2026-04-06 08:12:12,4.558468,101.155617,0.0,CSH
ANM1861,2026-04-06 08:17:12,4.559256,101.155537,0.0,CSH
ANM1861,2026-04-06 08:22:12,4.559256,101.155537,0.0,CSH
ANM1861,2026-04-06 08:27:13,4.559371,101.156088,0.0,CSH
ANM1861,2026-04-06 08:32:13,4.556965,101.158097,11.1,CSH
ANM1861,2026-04-06 08:37:13,4.545846,101.159982,40.7,CSH
ANM1861,2026-04-06 08:42:13,4.5319,101.133644,49.95,CSH
ANM1861,2026-04-06 08:47:14,4.510869,101.140497,68.45,CSH
ANM1861,2026-04-06 08:52:14,4.490981,101.113982,79.55,CSH
ANM1861,2026-04-06 08:57:14,4.469359,101.068648,53.65,CSH
ANM1861,2026-04-06 09:02:14,4.457059,101.027955,66.6,CSH
ANM1861,2026-04-06 09:07:15,4.467658,101.0032,0.0,CSH
ANM1861,2026-04-06 09:12:15,4.430998,100.998071,79.55,CSH
ANM1861,2026-04-06 09:17:15,4.397045,100.982657,77.7,CSH
ANM1861,2026-04-06 09:22:15,4.362921,100.975422,55.5,CSH
ANM1861,2026-04-06 09:27:16,4.362369,100.956017,48.1,CSH
ANM1861,2026-04-06 09:32:16,4.35644,100.927208,70.3,CSH
ANM1861,2026-04-06 09:37:16,4.353788,100.881217,0.0,CSH
ANM1861,2026-04-06 09:42:17,4.361598,100.847075,0.0,CSH
ANM1861,2026-04-06 09:47:17,4.356221,100.822186,49.95,CSH
ANM1861,2026-04-06 09:52:17,4.334428,100.801217,61.05,CSH
ANM1861,2026-04-06 09:57:17,4.281196,100.774062,77.7,CSH
ANM1861,2026-04-06 10:02:17,4.246395,100.738008,62.9,CSH
ANM1861,2026-04-06 10:07:17,4.2442,100.699271,72.15,CSH
ANM1861,2026-04-06 10:12:18,4.242488,100.674613,48.1,CSH
ANM1861,2026-04-06 10:17:18,4.24511,100.663635,0.0,CSH
ANM1861,2026-04-06 10:22:18,4.249298,100.662995,55.5,CSH
ANM1861,2026-04-06 10:27:18,4.25533,100.660293,25.9,CSH
ANM1861,2026-04-06 10:32:19,4.256265,100.662346,5.55,CSH
ANM1861,2026-04-06 10:37:19,4.256106,100.662293,0.0,CSH
ANM1861,2026-04-06 10:42:19,4.256025,100.662577,0.0,CSH
ANM1861,2026-04-06 10:47:19,4.254865,100.661235,5.55,CSH
ANM6181,2026-04-06 14:19:30,4.54573,101.147448,3.7,CSH
ANM6181,2026-04-06 14:24:30,4.545684,101.147377,0.0,CSH
ANM6181,2026-04-06 14:29:31,4.545278,101.145182,5.55,CSH
ANM6181,2026-04-06 14:34:31,4.54529,101.145342,0.0,CSH
ANM6181,2026-04-06 14:39:32,4.54529,101.145342,0.0,CSH
ANM6181,2026-04-06 14:44:32,4.546015,101.14584,0.0,CSH
ANM6181,2026-04-06 14:49:33,4.546015,101.14584,0.0,CSH
ANM6181,2026-04-06 14:54:33,4.54517,101.146106,0.0,CSH
ANM6181,2026-04-06 14:59:34,4.545586,101.146871,0.0,CSH
ANM6181,2026-04-06 15:04:34,4.545594,101.146853,3.7,CSH
ANM6181,2026-04-06 15:09:35,4.545541,101.146915,7.4,CSH
ANM6181,2026-04-06 15:14:35,4.534635,101.143297,61.05,CSH
ANM6181,2026-04-06 15:19:35,4.526113,101.122133,9.25,CSH
ANM6181,2026-04-06 15:24:36,4.516721,101.09848,35.15,CSH
ANM6181,2026-04-06 15:29:36,4.489998,101.072773,64.75,CSH
ANM6181,2026-04-06 15:34:37,4.476745,101.069351,62.9,CSH
ANM6181,2026-04-06 15:39:37,4.46506,101.04896,59.2,CSH
ANM6181,2026-04-06 15:44:37,4.457034,101.027386,51.8,CSH
ANM6181,2026-04-06 15:49:38,4.467704,101.002551,1.85,CSH
ANM6181,2026-04-06 15:54:38,4.446518,100.998133,59.2,CSH
ANM6181,2026-04-06 15:59:39,4.402598,100.98488,66.6,CSH
ANM6181,2026-04-06 16:04:39,4.365771,100.978311,31.45,CSH
ANM6181,2026-04-06 16:09:40,4.362399,100.957351,44.4,CSH
ANM6181,2026-04-06 16:14:40,4.358538,100.933582,0.0,CSH
ANM6181,2026-04-06 16:19:41,4.348656,100.899466,59.2,CSH
ANM6181,2026-04-06 16:24:41,4.351616,100.885608,0.0,CSH
ANM6181,2026-04-06 16:29:41,4.351616,100.885608,0.0,CSH
ANM6181,2026-04-06 16:34:42,4.351616,100.885608,0.0,CSH
ANM6181,2026-04-06 16:39:42,4.351616,100.885608,0.0,CSH
ANM6181,2026-04-06 16:44:43,4.355736,100.872248,18.5,CSH
ANM6181,2026-04-06 16:49:43,4.36158,100.83696,57.35,CSH
ANM6181,2026-04-06 16:54:43,4.349796,100.816951,5.55,CSH
ANM6181,2026-04-06 16:59:43,4.341614,100.801093,42.55,CSH
ANM6181,2026-04-06 17:04:44,4.300928,100.786906,75.85,CSH
ANM6181,2026-04-06 17:09:44,4.26163,100.754622,62.9,CSH
ANM6181,2026-04-06 17:14:44,4.24802,100.727697,38.85,CSH
ANM6181,2026-04-06 17:19:45,4.248815,100.713057,53.65,CSH
ANM6181,2026-04-06 17:24:45,4.235841,100.688942,0.0,CSH
ANM6181,2026-04-06 17:29:45,4.248641,100.662888,46.25,CSH
ANM6181,2026-04-06 17:34:46,4.25464,100.659991,24.05,CSH
ANM6181,2026-04-06 17:39:46,4.256145,100.662266,0.0,CSH
ANM6181,2026-04-06 17:44:47,4.25617,100.662266,0.0,CSH
ANM6181,2026-04-06 17:49:47,4.254836,100.661226,3.7,CSH
ANM8161,2026-04-06 14:03:44,4.545536,101.147191,0.0,CSH
ANM8161,2026-04-06 14:09:04,4.545218,101.145324,3.7,CSH
ANM8161,2026-04-06 14:14:43,4.545443,101.145075,0.0,CSH
ANM8161,2026-04-06 14:19:43,4.54531,101.145324,0.0,CSH
ANM8161,2026-04-06 14:25:43,4.545306,101.145466,0.0,CSH
ANM8161,2026-04-06 14:30:57,4.545303,101.145475,3.7,CSH
ANM8161,2026-04-06 14:36:42,4.545461,101.145822,0.0,CSH
ANM8161,2026-04-06 14:41:42,4.545161,101.146168,0.0,CSH
ANM8161,2026-04-06 14:46:42,4.545141,101.146382,0.0,CSH
ANM8161,2026-04-06 14:51:42,4.545526,101.146897,7.4,CSH
ANM8161,2026-04-06 14:56:42,4.535633,101.14576,51.8,CSH
ANM8161,2026-04-06 15:02:37,4.525574,101.131742,5.55,CSH
ANM8161,2026-04-06 15:07:41,4.50265,101.146773,0.0,CSH
ANM8161,2026-04-06 15:12:41,4.496228,101.126151,77.7,CSH
ANM8161,2026-04-06 15:17:41,4.472751,101.072204,62.9,CSH
ANM8161,2026-04-06 15:23:40,4.462095,101.035253,25.9,CSH
ANM8161,2026-04-06 15:28:40,4.467649,101.000986,31.45,CSH
ANM8161,2026-04-06 15:33:40,4.425104,100.994071,70.3,CSH
ANM8161,2026-04-06 15:38:40,4.384206,100.98064,74.0,CSH
ANM8161,2026-04-06 15:44:40,4.362393,100.955848,51.8,CSH
ANM8161,2026-04-06 15:50:39,4.348951,100.901182,88.8,CSH
ANM8161,2026-04-06 15:55:39,4.355573,100.872915,0.0,CSH
ANM8161,2026-04-06 16:00:39,4.362256,100.828124,61.05,CSH
ANM8161,2026-04-06 16:05:39,4.347293,100.80984,77.7,CSH
ANM8161,2026-04-06 16:11:38,4.303536,100.788391,88.8,CSH
ANM8161,2026-04-06 16:16:38,4.254025,100.745208,72.15,CSH
ANM8161,2026-04-06 16:21:38,4.248595,100.718488,18.5,CSH
ANM8161,2026-04-06 16:26:38,4.237268,100.685893,51.8,CSH
ANM8161,2026-04-06 16:31:38,4.24522,100.663164,0.0,CSH
ANM8161,2026-04-06 16:36:45,4.245445,100.662453,5.55,CSH
ANM8161,2026-04-06 16:41:50,4.25545,100.660346,16.65,CSH
ANM8161,2026-04-06 16:47:19,4.256363,100.6624,3.7,CSH
ANM8161,2026-04-06 16:52:37,4.256081,100.662568,0.0,CSH
ANM8161,2026-04-06 16:57:37,4.254836,100.661253,3.7,CSH
ANM861,2026-04-06 16:37:18,4.545498,101.145795,0.0,CSH
ANM861,2026-04-06 16:43:17,4.545498,101.145795,0.0,CSH
ANM861,2026-04-06 16:49:16,4.545168,101.14576,3.7,CSH
ANM861,2026-04-06 16:55:15,4.545151,101.146222,3.7,CSH
ANM861,2026-04-06 17:00:30,4.545613,101.149466,16.65,CSH
ANM861,2026-04-06 17:06:13,4.535238,101.15016,31.45,CSH
ANM861,2026-04-06 17:11:13,4.529191,101.130266,0.0,CSH
ANM861,2026-04-06 17:17:12,4.525996,101.121031,7.4,CSH
ANM861,2026-04-06 17:23:11,4.52584,101.121182,0.0,CSH
ANM861,2026-04-06 17:29:10,4.52584,101.121182,0.0,CSH
ANM861,2026-04-06 17:35:09,4.52584,101.121182,0.0,CSH
ANM861,2026-04-06 17:40:09,4.528773,101.129235,0.0,CSH
ANM861,2026-04-06 17:46:08,4.508698,101.142764,51.8,CSH
ANM861,2026-04-06 17:51:52,4.495881,101.149671,0.0,CSH
ANM861,2026-04-06 18:50:58,4.495881,101.149671,0.0,CSH
ANM861,2026-04-06 19:50:49,4.495881,101.149671,0.0,CSH
ANM861,2026-04-06 20:50:39,4.495881,101.149671,0.0,CSH
ANM861,2026-04-06 21:50:29,4.495881,101.149671,0.0,CSH
ANM861,2026-04-06 22:50:19,4.495881,101.149671,0.0,CSH
ANM861,2026-04-06 23:50:09,4.495881,101.149671,0.0,CSH
ANM861,2026-04-06 23:59:56,4.495881,101.149671,0.0,CSH
ANM861,2026-04-07 00:50:00,4.495881,101.149671,0.0,CSH
ANM861,2026-04-07 01:49:50,4.495881,101.149671,0.0,CSH
ANM861,2026-04-07 02:49:41,4.495881,101.149671,0.0,CSH
ANM861,2026-04-07 03:49:32,4.495881,101.149671,0.0,CSH
ANM861,2026-04-07 04:49:23,4.495881,101.149671,0.0,CSH
ANM861,2026-04-07 05:49:14,4.495881,101.149671,0.0,CSH
ANM861,2026-04-07 06:10:07,4.495881,101.149671,0.0,CSH
ANM861,2026-04-07 06:16:06,4.495881,101.149671,0.0,CSH
ANM861,2026-04-07 06:21:09,4.495355,101.150648,20.35,CSH
ANM861,2026-04-07 06:27:04,4.490915,101.113724,75.85,CSH
ANM861,2026-04-07 06:32:04,4.47079,101.068968,46.25,CSH
ANM861,2026-04-07 06:38:03,4.457253,101.028897,64.75,CSH
ANM861,2026-04-07 06:43:59,4.469121,100.996311,25.9,CSH
ANM861,2026-04-07 06:49:01,4.423189,100.993813,12.95,CSH
ANM861,2026-04-07 06:55:00,4.365083,100.977653,64.75,CSH
ANM861,2026-04-07 07:00:59,4.36217,100.943564,49.95,CSH
ANM861,2026-04-07 07:06:58,4.350366,100.905537,75.85,CSH
ANM861,2026-04-07 07:12:57,4.35688,100.867004,62.9,CSH
ANM861,2026-04-07 07:18:56,4.352483,100.819297,74.0,CSH
ANM861,2026-04-07 07:24:55,4.311954,100.792497,81.4,CSH
ANM861,2026-04-07 07:30:54,4.25373,100.744977,81.4,CSH
ANM861,2026-04-07 07:37:53,4.248861,100.711235,31.45,CSH
ANM861,2026-04-07 07:43:52,4.235998,100.689377,0.0,CSH
ANM861,2026-04-07 07:49:09,4.245545,100.662284,27.75,CSH
ANM861,2026-04-07 07:54:50,4.250773,100.663368,0.0,CSH
ANM861,2026-04-07 08:00:49,4.250773,100.663368,0.0,CSH
ANM861,2026-04-07 08:05:49,4.250773,100.663368,0.0,CSH
ANM861,2026-04-07 08:11:47,4.252791,100.66376,0.0,CSH
ANM861,2026-04-07 08:16:47,4.253396,100.663866,0.0,CSH
ANM861,2026-04-07 08:22:46,4.254703,100.664115,0.0,CSH
ANM861,2026-04-07 08:28:45,4.255031,100.66272,0.0,CSH
ANM861,2026-04-07 08:34:44,4.254135,100.661031,0.0,CSH
ANM861,2026-04-07 08:39:56,4.255748,100.660524,12.95,CSH
ANM861,2026-04-07 08:45:42,4.256128,100.662204,0.0,CSH
ANM861,2026-04-07 08:50:42,4.25629,100.661466,11.1,CSH
ANM861,2026-04-07 08:56:41,4.254331,100.661066,0.0,CSH
ANM861,2026-04-07 09:01:51,4.25508,100.664124,14.8,CSH
ANM8611,2026-04-06 14:23:26,4.545531,101.147173,0.0,CSH
ANM8611,2026-04-06 14:29:25,4.545386,101.145164,0.0,CSH
ANM8611,2026-04-06 14:34:25,4.54528,101.145546,0.0,CSH
ANM8611,2026-04-06 14:40:16,4.545296,101.145564,3.7,CSH
ANM8611,2026-04-06 14:45:24,4.54546,101.145777,0.0,CSH
ANM8611,2026-04-06 14:50:24,4.545136,101.146151,0.0,CSH
ANM8611,2026-04-06 14:56:23,4.545113,101.146391,0.0,CSH
ANM8611,2026-04-06 15:01:23,4.545453,101.146835,0.0,CSH
ANM8611,2026-04-06 15:06:29,4.542649,101.152106,5.55,CSH
ANM8611,2026-04-06 15:12:22,4.529903,101.131093,11.1,CSH
ANM8611,2026-04-06 15:18:21,4.502819,101.146711,0.0,CSH
ANM8611,2026-04-06 15:23:21,4.486471,101.102648,79.55,CSH
ANM8611,2026-04-06 15:29:20,4.464943,101.047831,64.75,CSH
ANM8611,2026-04-06 15:34:20,4.464286,101.017848,77.7,CSH
ANM8611,2026-04-06 15:39:20,4.439165,100.99944,85.1,CSH
ANM8611,2026-04-06 15:45:19,4.37215,100.980044,85.1,CSH
ANM8611,2026-04-06 15:50:19,4.362408,100.9552,49.95,CSH
ANM8611,2026-04-06 15:56:18,4.348751,100.898728,85.1,CSH
ANM8611,2026-04-06 16:01:18,4.355678,100.872542,0.0,CSH
ANM8611,2026-04-06 16:06:18,4.361616,100.841511,59.2,CSH
ANM8611,2026-04-06 16:11:43,4.339346,100.800186,57.35,CSH
ANM8611,2026-04-06 16:17:17,4.281791,100.774462,83.25,CSH
ANM8611,2026-04-06 16:23:03,4.24777,100.729475,5.55,CSH
ANM8611,2026-04-06 16:28:16,4.243338,100.698408,64.75,CSH
ANM8611,2026-04-06 16:33:16,4.241403,100.67864,0.0,CSH
ANM8611,2026-04-06 16:38:18,4.254966,100.66376,20.35,CSH
ANM8611,2026-04-06 16:43:23,4.254746,100.661173,3.7,CSH
ANM8611,2026-04-06 16:49:07,4.255113,100.661457,5.55,CSH
ANM8611,2026-04-06 16:54:14,4.256138,100.662213,0.0,CSH
ANM8611,2026-04-06 16:59:16,4.256505,100.660871,14.8,CSH
ANM8611,2026-04-06 17:04:17,4.25473,100.661182,3.7,CSH
ANQ8816,2026-04-06 16:02:44,4.545383,101.146853,0.0,CSH
ANQ8816,2026-04-06 16:08:43,4.545341,101.145813,0.0,CSH
ANQ8816,2026-04-06 16:13:43,4.546025,101.145857,0.0,CSH
ANQ8816,2026-04-06 16:18:43,4.545186,101.145937,0.0,CSH
ANQ8816,2026-04-06 16:23:43,4.545168,101.14616,0.0,CSH
ANQ8816,2026-04-06 16:28:44,4.542826,101.15192,37.0,CSH
ANQ8816,2026-04-06 16:34:42,4.529926,101.131155,0.0,CSH
ANQ8816,2026-04-06 16:39:42,4.5257,101.121217,0.0,CSH
ANQ8816,2026-04-06 16:44:42,4.5257,101.121217,0.0,CSH
ANQ8816,2026-04-06 16:49:42,4.5257,101.121217,0.0,CSH
ANQ8816,2026-04-06 16:54:49,4.526161,101.11936,46.25,CSH
ANQ8816,2026-04-06 17:00:41,4.507798,101.081964,46.25,CSH
ANQ8816,2026-04-06 17:05:41,4.474921,101.069297,42.55,CSH
ANQ8816,2026-04-06 17:10:41,4.464753,101.04344,0.0,CSH
ANQ8816,2026-04-06 17:15:41,4.466365,101.015751,16.65,CSH
ANQ8816,2026-04-06 17:20:41,4.46191,100.996453,79.55,CSH
ANQ8816,2026-04-06 17:25:41,4.408836,100.986266,79.55,CSH
ANQ8816,2026-04-06 17:31:41,4.366291,100.978853,0.0,CSH
ANQ8816,2026-04-06 17:37:11,4.361228,100.962453,3.7,CSH
ANQ8816,2026-04-06 17:42:40,4.36095,100.938088,37.0,CSH
ANQ8816,2026-04-06 17:47:40,4.351625,100.90872,75.85,CSH
ANQ8816,2026-04-06 17:52:40,4.356753,100.867537,61.05,CSH
ANQ8816,2026-04-06 17:57:40,4.361163,100.826613,24.05,CSH
ANQ8816,2026-04-06 18:02:40,4.350668,100.817813,0.0,CSH
ANQ8816,2026-04-06 18:08:40,4.343163,100.802248,0.0,CSH
ANQ8816,2026-04-06 18:15:39,4.277088,100.771395,90.65,CSH
ANQ8816,2026-04-06 18:20:39,4.24782,100.730675,55.5,CSH
ANQ8816,2026-04-06 18:25:39,4.248901,100.711928,64.75,CSH
ANQ8816,2026-04-06 18:30:39,4.240935,100.679502,42.55,CSH
ANQ8816,2026-04-06 18:35:39,4.253738,100.66384,5.55,CSH
ANQ8816,2026-04-06 18:40:39,4.255258,100.662106,12.95,CSH
ANQ8816,2026-04-06 18:45:52,4.25551,100.660888,12.95,CSH
ANQ8816,2026-04-06 18:51:38,4.256206,100.662106,0.0,CSH
ANQ8816,2026-04-06 18:56:38,4.256206,100.662106,0.0,CSH
ANQ8816,2026-04-06 19:01:38,4.256025,100.662568,0.0,CSH
ANQ8816,2026-04-06 19:06:38,4.255793,100.660737,9.25,CSH
ANQ8816,2026-04-06 19:11:38,4.253631,100.660915,14.8,CSH
ANQ8816,2026-04-06 19:17:37,4.252075,100.66232,0.0,CSH
ANQ8816,2026-04-06 19:22:37,4.252031,100.662524,0.0,CSH
ANQ8816,2026-04-06 19:27:37,4.252435,100.662604,5.55,CSH
ANQ8816,2026-04-06 19:32:37,4.255185,100.661484,5.55,CSH
ANR6118,2026-04-06 03:33:48,4.545823,101.147658,0.0,CSH
ANR6118,2026-04-06 03:38:48,4.545823,101.147658,0.0,CSH
ANR6118,2026-04-06 03:43:48,4.545823,101.147658,0.0,CSH
ANR6118,2026-04-06 03:48:48,4.545823,101.147658,0.0,CSH
ANR6118,2026-04-06 03:53:48,4.545823,101.147658,0.0,CSH
ANR6118,2026-04-06 03:58:48,4.545823,101.147658,0.0,CSH
ANR6118,2026-04-06 04:03:48,4.545823,101.147658,0.0,CSH
ANR6118,2026-04-06 04:08:48,4.545823,101.147658,0.0,CSH
ANR6118,2026-04-06 04:13:48,4.545823,101.147658,0.0,CSH
ANR6118,2026-04-06 04:18:48,4.545823,101.147658,0.0,CSH
ANR6118,2026-04-06 04:23:48,4.545823,101.147658,0.0,CSH
ANR6118,2026-04-06 04:28:48,4.545823,101.147658,0.0,CSH
ANR6118,2026-04-06 04:33:48,4.545823,101.147658,0.0,CSH
ANR6118,2026-04-06 04:38:48,4.545823,101.147658,0.0,CSH
ANR6118,2026-04-06 04:43:48,4.545823,101.147658,0.0,CSH
ANR6118,2026-04-06 04:48:48,4.545823,101.147658,0.0,CSH
ANR6118,2026-04-06 04:53:48,4.545823,101.147658,0.0,CSH
ANR6118,2026-04-06 04:58:48,4.545823,101.147658,0.0,CSH
ANR6118,2026-04-06 05:03:48,4.545823,101.147658,0.0,CSH
ANR6118,2026-04-06 05:08:48,4.545823,101.147658,0.0,CSH
ANR6118,2026-04-06 05:13:48,4.545781,101.147741,0.0,CSH
ANR6118,2026-04-06 05:18:48,4.545781,101.147741,0.0,CSH
ANR6118,2026-04-06 05:23:48,4.545781,101.147741,0.0,CSH
ANR6118,2026-04-06 05:28:48,4.545781,101.147741,0.0,CSH
ANR6118,2026-04-06 05:33:48,4.545781,101.147741,0.0,CSH
ANR6118,2026-04-06 05:38:48,4.545781,101.147741,0.0,CSH
ANR6118,2026-04-06 05:43:48,4.545781,101.147741,0.0,CSH
ANR6118,2026-04-06 05:48:48,4.545781,101.147741,0.0,CSH
ANR6118,2026-04-06 05:53:48,4.545781,101.147741,0.0,CSH
ANR6118,2026-04-06 05:58:48,4.545781,101.147741,0.0,CSH
ANR6118,2026-04-06 06:03:48,4.545781,101.147741,0.0,CSH
ANR6118,2026-04-06 06:08:48,4.545781,101.147741,0.0,CSH
ANR6118,2026-04-06 06:13:48,4.545808,101.14765,0.0,CSH
ANR6118,2026-04-06 06:18:48,4.545871,101.147718,0.0,CSH
ANR6118,2026-04-06 06:23:48,4.545921,101.147793,0.0,CSH
ANR6118,2026-04-06 06:28:48,4.545921,101.147793,0.0,CSH
ANR6118,2026-04-06 06:33:48,4.545921,101.147793,0.0,CSH
ANR6118,2026-04-06 06:38:48,4.545854,101.147733,0.0,CSH
ANR6118,2026-04-06 06:43:48,4.545854,101.147733,0.0,CSH
ANR6118,2026-04-06 06:48:48,4.545854,101.147733,0.0,CSH
ANR6118,2026-04-06 06:53:48,4.545771,101.147696,0.0,CSH
ANR6118,2026-04-06 06:58:48,4.545771,101.147696,0.0,CSH
ANR6118,2026-04-06 07:03:48,4.545771,101.147696,0.0,CSH
ANR6118,2026-04-06 07:08:48,4.545706,101.147765,0.0,CSH
ANR6118,2026-04-06 07:13:48,4.545465,101.147086,7.0,CSH
ANR6118,2026-04-06 07:19:28,4.545216,101.145675,0.0,CSH
ANR6118,2026-04-06 07:24:28,4.545216,101.145675,0.0,CSH
ANR6118,2026-04-06 07:30:00,4.545086,101.146196,0.0,CSH
ANR6118,2026-04-06 07:35:00,4.545046,101.146521,0.0,CSH
ANR6118,2026-04-06 07:40:00,4.545046,101.146521,0.0,CSH
ANR6118,2026-04-06 07:45:00,4.545046,101.146521,0.0,CSH
ANR6118,2026-04-06 07:50:00,4.545046,101.146521,0.0,CSH
ANR6118,2026-04-06 07:55:00,4.545046,101.146521,0.0,CSH
ANR6118,2026-04-06 08:00:00,4.5451,101.146603,3.0,CSH
ANR6118,2026-04-06 08:05:00,4.54573,101.148963,15.0,CSH
ANR6118,2026-04-06 08:10:34,4.534108,101.141384,49.0,CSH
ANR6118,2026-04-06 08:16:24,4.512835,101.13941,55.0,CSH
ANR6118,2026-04-06 08:22:07,4.490568,101.112029,70.0,CSH
ANR6118,2026-04-06 08:27:44,4.46643,101.065938,73.0,CSH
ANR6118,2026-04-06 08:32:44,4.463095,101.037233,39.0,CSH
ANR6118,2026-04-06 08:38:38,4.467671,101.003198,63.0,CSH
ANR6118,2026-04-06 08:43:52,4.428001,100.996413,75.0,CSH
ANR6118,2026-04-06 08:49:17,4.398165,100.983184,62.0,CSH
ANR6118,2026-04-06 08:54:17,4.358296,100.967949,3.0,CSH
ANR6118,2026-04-06 08:59:17,4.35874,100.934006,25.0,CSH
ANR6118,2026-04-06 09:04:17,4.349909,100.892006,84.0,CSH
ANR6118,2026-04-06 09:09:17,4.357295,100.866008,68.0,CSH
ANR6118,2026-04-06 09:14:17,4.359073,100.824551,38.0,CSH
ANR6118,2026-04-06 09:20:03,4.325828,100.79767,86.0,CSH
ANR6118,2026-04-06 09:25:03,4.268615,100.76406,90.0,CSH
ANR6118,2026-04-06 09:30:53,4.248311,100.721501,0.0,CSH
ANR6118,2026-04-06 09:35:53,4.235778,100.688935,19.0,CSH
ANR6118,2026-04-06 09:41:38,4.244461,100.664616,67.0,CSH
ANR6118,2026-04-06 09:46:51,4.254951,100.663331,3.0,CSH
ANR6118,2026-04-06 09:51:51,4.255241,100.661888,12.0,CSH
ANR6118,2026-04-06 09:56:56,4.254633,100.661159,0.0,CSH
ANR6118,2026-04-06 10:02:24,4.256045,100.662171,0.0,CSH
ANR6118,2026-04-06 10:07:24,4.256045,100.662171,0.0,CSH
ANR6118,2026-04-06 10:12:30,4.256553,100.661003,10.0,CSH
ANR6118,2026-04-06 10:17:43,4.254541,100.661123,5.0,CSH
ANR6118,2026-04-06 16:33:49,4.545633,101.147315,9.0,CSH
ANR6118,2026-04-06 16:39:09,4.54546,101.14582,0.0,CSH
ANR6118,2026-04-06 16:44:09,4.54546,101.14582,0.0,CSH
ANR6118,2026-04-06 16:49:09,4.54546,101.14582,0.0,CSH
ANR6118,2026-04-06 16:54:33,4.545475,101.145733,0.0,CSH
ANR6118,2026-04-06 17:00:29,4.54515,101.146128,0.0,CSH
ANR6118,2026-04-06 17:05:55,4.545513,101.146948,7.0,CSH
ANR6118,2026-04-06 17:11:18,4.54497,101.150116,12.0,CSH
ANR6118,2026-04-06 17:17:12,4.533598,101.138129,46.0,CSH
ANR6118,2026-04-06 17:22:34,4.525559,101.1317,0.0,CSH
ANR6118,2026-04-06 17:27:34,4.505231,101.145673,48.0,CSH
ANR6118,2026-04-06 17:33:06,4.492428,101.117821,63.0,CSH
ANR6118,2026-04-06 17:38:22,4.474206,101.074568,45.0,CSH
ANR6118,2026-04-06 17:44:05,4.464711,101.043516,11.0,CSH
ANR6118,2026-04-06 17:49:22,4.466435,101.015706,0.0,CSH
ANR6118,2026-04-06 17:55:05,4.452343,100.996718,54.0,CSH
ANR6118,2026-04-06 18:00:05,4.418588,100.989848,44.0,CSH
ANR6118,2026-04-06 18:05:05,4.397141,100.982693,43.0,CSH
ANR6118,2026-04-06 18:10:05,4.366359,100.978901,13.0,CSH
ANR6118,2026-04-06 18:15:52,4.36236,100.959633,33.0,CSH
ANR6118,2026-04-06 18:20:52,4.358058,100.931675,41.0,CSH
ANR6118,2026-04-06 18:26:49,4.353159,100.88263,0.0,CSH
ANR6118,2026-04-06 18:31:49,4.353159,100.88263,0.0,CSH
ANR6118,2026-04-06 18:36:49,4.361616,100.855616,79.0,CSH
ANR6118,2026-04-06 18:42:37,4.353455,100.81998,59.0,CSH
ANR6118,2026-04-06 18:48:26,4.343473,100.802571,0.0,CSH
ANR6118,2026-04-06 18:53:49,4.316683,100.794361,79.0,CSH
ANR6118,2026-04-06 18:58:49,4.266921,100.762173,77.0,CSH
ANR6118,2026-04-06 19:04:42,4.248245,100.722446,41.0,CSH
ANR6118,2026-04-06 19:09:42,4.235913,100.689193,25.0,CSH
ANR6118,2026-04-06 19:14:44,4.245245,100.662381,24.0,CSH
ANR6118,2026-04-06 19:19:50,4.254678,100.664171,0.0,CSH
ANR6118,2026-04-06 19:24:50,4.254678,100.664171,0.0,CSH
ANR6118,2026-04-06 19:29:50,4.254678,100.664171,0.0,CSH
ANR6118,2026-04-06 19:34:50,4.254678,100.664171,0.0,CSH
ANR6118,2026-04-06 19:39:50,4.254678,100.664171,0.0,CSH
ANR6118,2026-04-06 19:44:50,4.254678,100.664171,0.0,CSH
ANR6118,2026-04-06 19:49:50,4.254678,100.664171,0.0,CSH
ANR6118,2026-04-06 19:54:50,4.25476,100.66421,0.0,CSH
ANR6118,2026-04-06 20:00:36,4.255026,100.662934,0.0,CSH
ANR6118,2026-04-06 20:05:51,4.253648,100.660709,13.0,CSH
ANR6118,2026-04-06 20:11:17,4.256258,100.66246,0.0,CSH
ANR6118,2026-04-06 20:16:17,4.25625,100.662516,3.0,CSH
ANR6118,2026-04-06 20:21:45,4.256156,100.662663,0.0,CSH
ANR6118,2026-04-06 20:27:39,4.254741,100.660031,15.0,CSH
DFA816,2026-04-06 15:34:32,4.545384,101.14688,3.7,CSH
DFA816,2026-04-06 15:39:40,4.545285,101.14536,0.0,CSH
DFA816,2026-04-06 15:45:39,4.545335,101.145537,0.0,CSH
DFA816,2026-04-06 15:50:39,4.545335,101.145537,0.0,CSH
DFA816,2026-04-06 15:56:06,4.545338,101.145582,5.55,CSH
DFA816,2026-04-06 16:01:37,4.545518,101.145795,0.0,CSH
DFA816,2026-04-06 16:06:37,4.545154,101.14624,0.0,CSH
DFA816,2026-04-06 16:12:24,4.545436,101.146862,5.55,CSH
DFA816,2026-04-06 16:17:35,4.543709,101.151315,14.8,CSH
DFA816,2026-04-06 16:22:35,4.53025,101.131608,35.15,CSH
DFA816,2026-04-06 16:28:34,4.50681,101.144844,59.2,CSH
DFA816,2026-04-06 16:33:34,4.4899,101.110195,64.75,CSH
DFA816,2026-04-06 16:38:57,4.466218,101.065555,74.0,CSH
DFA816,2026-04-06 16:44:32,4.457618,101.029582,61.05,CSH
DFA816,2026-04-06 16:49:32,4.467698,101.002995,0.0,CSH
DFA816,2026-04-06 16:55:31,4.421768,100.993111,44.4,CSH
DFA816,2026-04-06 17:00:31,4.387988,100.9808,62.9,CSH
DFA816,2026-04-06 17:05:53,4.358238,100.968746,38.85,CSH
DFA816,2026-04-06 17:11:29,4.362193,100.94328,51.8,CSH
DFA816,2026-04-06 17:17:28,4.353275,100.916062,49.95,CSH
DFA816,2026-04-06 17:22:28,4.354746,100.878871,51.8,CSH
DFA816,2026-04-06 17:28:07,4.361645,100.846506,3.7,CSH
DFA816,2026-04-06 17:33:26,4.352281,100.819111,68.45,CSH
DFA816,2026-04-06 17:38:26,4.336406,100.802906,44.4,CSH
DFA816,2026-04-06 17:44:25,4.274443,100.769493,85.1,CSH
DFA816,2026-04-06 17:49:25,4.247735,100.729946,31.45,CSH
DFA816,2026-04-06 17:55:07,4.246411,100.70192,59.2,CSH
DFA816,2026-04-06 18:00:21,4.24567,100.662266,31.45,CSH
DFA816,2026-04-06 18:05:21,4.255136,100.662764,7.4,CSH
DFA816,2026-04-06 18:10:22,4.255775,100.661093,12.95,CSH
DFA816,2026-04-06 18:15:22,4.256086,100.662595,0.0,CSH
DFA816,2026-04-06 18:21:21,4.256086,100.662595,0.0,CSH
DFA816,2026-04-06 18:26:21,4.256198,100.662248,0.0,CSH
DFA816,2026-04-06 18:32:20,4.254038,100.65968,14.8,CSH
DFA8161,2026-04-06 05:35:18,4.545795,101.147808,0.0,CSH
DFA8161,2026-04-06 06:35:18,4.545795,101.147808,0.0,CSH
DFA8161,2026-04-06 06:58:12,4.545861,101.147848,0.0,CSH
DFA8161,2026-04-06 07:03:12,4.545861,101.147848,0.0,CSH
DFA8161,2026-04-06 07:08:12,4.545861,101.147848,0.0,CSH
DFA8161,2026-04-06 07:13:12,4.545649,101.147416,0.0,CSH
DFA8161,2026-04-06 07:18:55,4.545249,101.145826,0.0,CSH
DFA8161,2026-04-06 07:23:55,4.545293,101.145746,0.0,CSH
DFA8161,2026-04-06 07:28:55,4.545293,101.145746,0.0,CSH
DFA8161,2026-04-06 07:34:01,4.54512,101.146226,0.0,CSH
DFA8161,2026-04-06 07:39:01,4.545078,101.146416,0.0,CSH
DFA8161,2026-04-06 07:44:01,4.545078,101.146416,0.0,CSH
DFA8161,2026-04-06 07:49:01,4.545078,101.146416,0.0,CSH
DFA8161,2026-04-06 07:54:01,4.545078,101.146416,0.0,CSH
DFA8161,2026-04-06 07:59:01,4.545078,101.146416,0.0,CSH
DFA8161,2026-04-06 08:04:57,4.545416,101.146869,0.0,CSH
DFA8161,2026-04-06 08:10:13,4.538429,101.15159,35.0,CSH
DFA8161,2026-04-06 08:15:19,4.535386,101.14504,56.0,CSH
DFA8161,2026-04-06 08:20:21,4.520306,101.134585,53.0,CSH
DFA8161,2026-04-06 08:25:46,4.498165,101.129518,56.0,CSH
DFA8161,2026-04-06 08:31:36,4.473961,101.074251,58.0,CSH
DFA8161,2026-04-06 08:37:16,4.460244,101.033288,52.0,CSH
DFA8161,2026-04-06 08:43:15,4.467608,101.002406,20.0,CSH
DFA8161,2026-04-06 08:48:25,4.427833,100.99618,78.0,CSH
DFA8161,2026-04-06 08:53:33,4.401566,100.98455,41.0,CSH
DFA8161,2026-04-06 08:58:58,4.358156,100.969055,58.0,CSH
DFA8161,2026-04-06 09:03:58,4.362208,100.943994,51.0,CSH
DFA8161,2026-04-06 09:09:22,4.351525,100.885928,79.0,CSH
DFA8161,2026-04-06 09:14:28,4.361583,100.844188,64.0,CSH
DFA8161,2026-04-06 09:20:00,4.342356,100.801691,29.0,CSH
DFA8161,2026-04-06 09:25:03,4.292586,100.78154,84.0,CSH
DFA8161,2026-04-06 09:30:16,4.244931,100.739256,43.0,CSH
DFA8161,2026-04-06 09:35:25,4.248606,100.716653,33.0,CSH
DFA8161,2026-04-06 09:41:04,4.239408,100.681933,63.0,CSH
DFA8161,2026-04-06 09:46:33,4.254746,100.66398,0.0,CSH
DFA8161,2026-04-06 09:51:45,4.255,100.662808,0.0,CSH
DFA8161,2026-04-06 09:57:00,4.254185,100.661035,3.0,CSH
DFA8161,2026-04-06 10:02:02,4.256075,100.662359,10.0,CSH
DFA8161,2026-04-06 10:07:02,4.256048,100.662293,0.0,CSH
DFA8161,2026-04-06 10:12:45,4.256133,100.662276,9.0,CSH
DFA8161,2026-04-06 10:18:20,4.254491,100.661078,0.0,CSH
DFC6181,2026-04-06 13:44:38,4.545358,101.146844,0.0,CSH
DFC6181,2026-04-06 13:50:22,4.545266,101.145525,0.0,CSH
DFC6181,2026-04-06 13:55:22,4.545266,101.145525,0.0,CSH
DFC6181,2026-04-06 14:00:22,4.545266,101.145525,0.0,CSH
DFC6181,2026-04-06 14:05:22,4.545266,101.145525,0.0,CSH
DFC6181,2026-04-06 14:10:22,4.545266,101.145525,0.0,CSH
DFC6181,2026-04-06 14:16:02,4.545425,101.145873,0.0,CSH
DFC6181,2026-04-06 14:21:19,4.545438,101.145725,0.0,CSH
DFC6181,2026-04-06 14:26:43,4.545146,101.146148,0.0,CSH
DFC6181,2026-04-06 14:32:10,4.545761,101.14765,10.0,CSH
DFC6181,2026-04-06 14:38:06,4.534215,101.141968,48.0,CSH
DFC6181,2026-04-06 14:43:11,4.521876,101.133718,48.0,CSH
DFC6181,2026-04-06 14:48:53,4.497908,101.129145,77.0,CSH
DFC6181,2026-04-06 14:54:31,4.473913,101.074181,58.0,CSH
DFC6181,2026-04-06 15:00:08,4.464706,101.043265,0.0,CSH
DFC6181,2026-04-06 15:05:40,4.466795,101.015261,24.0,CSH
DFC6181,2026-04-06 15:11:38,4.442711,100.998775,76.0,CSH
DFC6181,2026-04-06 15:16:38,4.402418,100.984788,29.0,CSH
DFC6181,2026-04-06 15:21:45,4.358978,100.966501,44.0,CSH
DFC6181,2026-04-06 15:26:45,4.358346,100.933088,23.0,CSH
DFC6181,2026-04-06 15:32:04,4.353726,100.881361,5.0,CSH
DFC6181,2026-04-06 15:37:04,4.361728,100.849936,69.0,CSH
DFC6181,2026-04-06 15:43:00,4.342718,100.802,19.0,CSH
DFC6181,2026-04-06 15:48:43,4.287925,100.778496,87.0,CSH
DFC6181,2026-04-06 15:54:39,4.247743,100.731328,68.0,CSH
DFC6181,2026-04-06 15:59:39,4.248675,100.715641,43.0,CSH
DFC6181,2026-04-06 16:04:39,4.2358,100.688956,0.0,CSH
DFC6181,2026-04-06 16:10:33,4.252576,100.663626,43.0,CSH
DFC6181,2026-04-06 16:16:25,4.255423,100.661111,7.0,CSH
DFC6181,2026-04-06 16:21:31,4.256609,100.660996,12.0,CSH
DFC6181,2026-04-06 16:26:47,4.256081,100.662361,0.0,CSH
DFC6181,2026-04-06 16:32:29,4.256243,100.661786,0.0,CSH
DFC6181,2026-04-06 16:37:40,4.254556,100.659981,19.0,CSH
DFC6181,2026-04-06 16:43:27,4.255121,100.663458,0.0,CSH
KFJ6861,2026-04-06 09:37:38,4.54553,101.147102,0.0,CSH
KFJ6861,2026-04-06 09:42:45,4.545468,101.145768,0.0,CSH
KFJ6861,2026-04-06 09:47:52,4.545468,101.145768,0.0,CSH
KFJ6861,2026-04-06 09:52:59,4.545118,101.146124,0.0,CSH
KFJ6861,2026-04-06 09:58:05,4.545283,101.14672,0.0,CSH
KFJ6861,2026-04-06 10:03:12,4.54239,101.152213,7.4,CSH
KFJ6861,2026-04-06 10:08:20,4.527785,101.130773,37.0,CSH
KFJ6861,2026-04-06 10:13:27,4.502365,101.146675,16.65,CSH
KFJ6861,2026-04-06 10:18:34,4.49019,101.110773,62.9,CSH
KFJ6861,2026-04-06 10:23:41,4.47022,101.068791,55.5,CSH
KFJ6861,2026-04-06 10:28:48,4.45708,101.028177,62.9,CSH
KFJ6861,2026-04-06 10:33:55,4.467633,101.001653,20.35,CSH
KFJ6861,2026-04-06 10:39:02,4.430209,100.997928,62.9,CSH
KFJ6861,2026-04-06 10:44:09,4.403169,100.984977,9.25,CSH
KFJ6861,2026-04-06 10:49:16,4.36586,100.978364,29.6,CSH
KFJ6861,2026-04-06 10:54:23,4.362391,100.955875,44.4,CSH
KFJ6861,2026-04-06 10:59:30,4.35772,100.929591,53.65,CSH
KFJ6861,2026-04-06 11:04:37,4.353861,100.881164,3.7,CSH
KFJ6861,2026-04-06 11:09:44,4.35638,100.868915,48.1,CSH
KFJ6861,2026-04-06 11:14:51,4.362246,100.834657,66.6,CSH
KFJ6861,2026-04-06 11:19:58,4.34714,100.808177,64.75,CSH
KFJ6861,2026-04-06 11:25:05,4.314275,100.793386,70.3,CSH
KFJ6861,2026-04-06 11:31:14,4.260053,100.752275,75.85,CSH
KFJ6861,2026-04-06 11:36:21,4.248296,100.723217,55.5,CSH
KFJ6861,2026-04-06 11:41:28,4.236238,100.689751,31.45,CSH
KFJ6861,2026-04-06 11:46:32,4.243975,100.66832,11.1,CSH
KFJ6861,2026-04-06 11:51:42,4.245121,100.663528,0.0,CSH
KFJ6861,2026-04-06 11:56:49,4.245121,100.663528,0.0,CSH
KFJ6861,2026-04-06 12:01:56,4.255018,100.663164,0.0,CSH
KFJ6861,2026-04-06 12:07:03,4.255473,100.661146,9.25,CSH
KFJ6861,2026-04-06 12:12:10,4.2556,100.662151,12.95,CSH
KFJ6861,2026-04-06 12:17:17,4.256195,100.662168,0.0,CSH
KFJ6861,2026-04-06 12:22:25,4.254411,100.661093,7.4,CSH
KFU6181,2026-04-06 11:22:13,4.545213,101.145973,0.0,CSH
KFU6181,2026-04-06 11:27:13,4.545479,101.145804,0.0,CSH
KFU6181,2026-04-06 11:33:12,4.545479,101.145804,0.0,CSH
KFU6181,2026-04-06 11:38:12,4.545175,101.145715,0.0,CSH
KFU6181,2026-04-06 11:44:11,4.545163,101.145848,0.0,CSH
KFU6181,2026-04-06 11:49:11,4.545149,101.146124,0.0,CSH
KFU6181,2026-04-06 11:54:39,4.545453,101.146844,3.7,CSH
KFU6181,2026-04-06 12:00:10,4.534743,101.148115,44.4,CSH
KFU6181,2026-04-06 12:05:10,4.524181,101.13248,38.85,CSH
KFU6181,2026-04-06 12:11:09,4.499791,101.133208,64.75,CSH
KFU6181,2026-04-06 12:16:09,4.475736,101.087271,72.15,CSH
KFU6181,2026-04-06 12:21:09,4.465019,101.04496,38.85,CSH
KFU6181,2026-04-06 12:26:35,4.466468,101.015635,5.55,CSH
KFU6181,2026-04-06 12:32:03,4.459001,100.996871,68.45,CSH
KFU6181,2026-04-06 12:37:07,4.413596,100.987022,64.75,CSH
KFU6181,2026-04-06 12:42:07,4.37052,100.980044,68.45,CSH
KFU6181,2026-04-06 12:47:07,4.358496,100.967591,0.0,CSH
KFU6181,2026-04-06 12:52:40,4.361918,100.941244,3.7,CSH
KFU6181,2026-04-06 12:58:06,4.348988,100.896613,79.55,CSH
KFU6181,2026-04-06 13:04:05,4.360421,100.858426,72.15,CSH
KFU6181,2026-04-06 13:09:05,4.352848,100.819502,72.15,CSH
KFU6181,2026-04-06 13:15:04,4.320078,100.795555,79.55,CSH
KFU6181,2026-04-06 13:20:04,4.268796,100.764257,79.55,CSH
KFU6181,2026-04-06 13:25:04,4.24774,100.729386,11.1,CSH
KFU6181,2026-04-06 13:31:03,4.239121,100.69416,46.25,CSH
KFU6181,2026-04-06 13:36:03,4.241536,100.678435,0.0,CSH
KFU6181,2026-04-06 13:42:02,4.255005,100.663271,0.0,CSH
KFU6181,2026-04-06 13:47:02,4.255073,100.662693,0.0,CSH
KFU6181,2026-04-06 13:53:01,4.255121,100.661484,0.0,CSH
KFU6181,2026-04-06 13:58:01,4.2563,100.662444,5.55,CSH
KFU6181,2026-04-06 14:04:00,4.255961,100.662568,0.0,CSH
KFU6181,2026-04-06 14:09:00,4.254841,100.661262,0.0,CSH
KFU8161,2026-04-06 11:27:43,4.545258,101.146773,1.85,CSH
KFU8161,2026-04-06 11:32:43,4.545238,101.14544,0.0,CSH
KFU8161,2026-04-06 11:37:43,4.545236,101.145662,7.4,CSH
KFU8161,2026-04-06 11:42:44,4.545468,101.145804,0.0,CSH
KFU8161,2026-04-06 11:47:44,4.545143,101.145884,0.0,CSH
KFU8161,2026-04-06 11:53:21,4.54513,101.146133,3.7,CSH
KFU8161,2026-04-06 11:58:44,4.545593,101.147075,1.85,CSH
KFU8161,2026-04-06 12:03:44,4.535901,101.151315,40.7,CSH
KFU8161,2026-04-06 12:08:44,4.529268,101.130435,0.0,CSH
KFU8161,2026-04-06 12:13:44,4.525648,101.121422,1.85,CSH
KFU8161,2026-04-06 12:18:44,4.525645,101.121288,0.0,CSH
KFU8161,2026-04-06 12:23:44,4.525645,101.121288,0.0,CSH
KFU8161,2026-04-06 12:28:44,4.525645,101.121288,0.0,CSH
KFU8161,2026-04-06 12:33:44,4.5255,101.117422,37.0,CSH
KFU8161,2026-04-06 12:38:44,4.514043,101.093066,57.35,CSH
KFU8161,2026-04-06 12:43:44,4.485111,101.069777,72.15,CSH
KFU8161,2026-04-06 12:48:44,4.464946,101.044631,35.15,CSH
KFU8161,2026-04-06 12:53:44,4.463858,101.018142,61.05,CSH
KFU8161,2026-04-06 12:58:44,4.469171,100.996346,24.05,CSH
KFU8161,2026-04-06 13:03:44,4.45353,100.996968,0.0,CSH
KFU8161,2026-04-06 13:08:44,4.453273,100.996915,0.0,CSH
KFU8161,2026-04-06 13:13:44,4.453273,100.996915,0.0,CSH
KFU8161,2026-04-06 13:18:44,4.453273,100.996915,0.0,CSH
KFU8161,2026-04-06 13:23:44,4.453273,100.996915,0.0,CSH
KFU8161,2026-04-06 13:28:44,4.453273,100.996915,0.0,CSH
KFU8161,2026-04-06 13:33:44,4.452621,100.996844,9.25,CSH
KFU8161,2026-04-06 13:38:44,4.42161,100.992986,51.8,CSH
KFU8161,2026-04-06 13:43:44,4.399643,100.98384,40.7,CSH
KFU8161,2026-04-06 13:48:44,4.360328,100.972924,53.65,CSH
KFU8161,2026-04-06 13:53:44,4.362336,100.959706,0.0,CSH
KFU8161,2026-04-06 13:58:44,4.358471,100.933395,44.4,CSH
KFU8161,2026-04-06 14:03:44,4.350796,100.887662,64.75,CSH
KFU8161,2026-04-06 14:08:44,4.361613,100.855466,62.9,CSH
KFU8161,2026-04-06 14:13:44,4.357835,100.823528,49.95,CSH
KFU8161,2026-04-06 14:18:44,4.338578,100.8008,51.8,CSH
KFU8161,2026-04-06 14:24:44,4.285306,100.776791,81.4,CSH
KFU8161,2026-04-06 14:29:44,4.245765,100.740062,35.15,CSH
KFU8161,2026-04-06 14:35:33,4.248603,100.717955,3.7,CSH
KFU8161,2026-04-06 14:40:43,4.2358,100.688933,0.0,CSH
KFU8161,2026-04-06 14:45:43,4.244473,100.666275,25.9,CSH
KFU8161,2026-04-06 14:50:43,4.244898,100.664213,0.0,CSH
KFU8161,2026-04-06 14:55:43,4.254436,100.664,20.35,CSH
KFU8161,2026-04-06 15:00:43,4.253866,100.659857,12.95,CSH
KFU8161,2026-04-06 15:05:43,4.256363,100.661768,7.4,CSH
KFU8161,2026-04-06 15:10:43,4.256125,100.662115,0.0,CSH
KFU8161,2026-04-06 15:15:43,4.255616,100.660444,12.95,CSH
KFU8161,2026-04-06 15:20:43,4.255305,100.662666,0.0,CSH
KFV861,2026-04-06 07:19:24,4.545788,101.147675,0.0,CSH
KFV861,2026-04-06 07:25:09,4.545199,101.14521,15.0,CSH
KFV861,2026-04-06 07:30:35,4.545246,101.145266,0.0,CSH
KFV861,2026-04-06 07:35:35,4.545188,101.145414,0.0,CSH
KFV861,2026-04-06 07:41:20,4.545273,101.145711,0.0,CSH
KFV861,2026-04-06 07:46:20,4.545273,101.145711,0.0,CSH
KFV861,2026-04-06 07:51:20,4.545273,101.145711,0.0,CSH
KFV861,2026-04-06 07:56:20,4.545273,101.145711,0.0,CSH
KFV861,2026-04-06 08:02:06,4.545121,101.146156,0.0,CSH
KFV861,2026-04-06 08:07:06,4.545178,101.146265,0.0,CSH
KFV861,2026-04-06 08:12:06,4.545143,101.146438,0.0,CSH
KFV861,2026-04-06 08:17:56,4.545413,101.146841,0.0,CSH
KFV861,2026-04-06 08:22:56,4.543158,101.151681,25.0,CSH
KFV861,2026-04-06 08:28:17,4.529026,101.130336,29.0,CSH
KFV861,2026-04-06 08:33:17,4.502578,101.146808,0.0,CSH
KFV861,2026-04-06 08:38:24,4.491148,101.114798,77.0,CSH
KFV861,2026-04-06 08:44:04,4.466348,101.065855,70.0,CSH
KFV861,2026-04-06 08:49:04,4.463506,101.038173,33.0,CSH
KFV861,2026-04-06 08:54:41,4.467973,101.012683,44.0,CSH
KFV861,2026-04-06 09:00:21,4.431298,100.998188,77.0,CSH
KFV861,2026-04-06 09:05:21,4.397103,100.982738,60.0,CSH
KFV861,2026-04-06 09:10:21,4.362316,100.974835,57.0,CSH
KFV861,2026-04-06 09:16:08,4.359308,100.934941,38.0,CSH
KFV861,2026-04-06 09:21:08,4.350374,100.889936,78.0,CSH
KFV861,2026-04-06 09:26:08,4.357113,100.866451,55.0,CSH
KFV861,2026-04-06 09:31:08,4.362364,100.828528,74.0,CSH
KFV861,2026-04-06 09:36:13,4.335233,100.80278,56.0,CSH
KFV861,2026-04-06 09:41:13,4.285126,100.776661,80.0,CSH
KFV861,2026-04-06 09:46:13,4.244881,100.740586,50.0,CSH
KFV861,2026-04-06 09:52:11,4.246366,100.70192,71.0,CSH
KFV861,2026-04-06 09:57:50,4.243921,100.667438,57.0,CSH
KFV861,2026-04-06 10:03:47,4.254894,100.663466,0.0,CSH
KFV861,2026-04-06 10:08:47,4.255011,100.662786,0.0,CSH
KFV861,2026-04-06 10:14:12,4.254626,100.661195,0.0,CSH
KFV861,2026-04-06 10:19:21,4.256066,100.66234,0.0,CSH
KFV861,2026-04-06 10:24:21,4.25603,100.662406,3.0,CSH
KFV861,2026-04-06 10:29:29,4.256206,100.662406,7.0,CSH
KFV861,2026-04-06 10:35:21,4.255246,100.662703,0.0,CSH
KFV861,2026-04-06 12:33:07,4.545704,101.147353,0.0,CSH
KFV861,2026-04-06 12:38:07,4.545704,101.147353,0.0,CSH
KFV861,2026-04-06 12:43:07,4.545704,101.147353,0.0,CSH
KFV861,2026-04-06 12:48:07,4.545704,101.147353,0.0,CSH
KFV861,2026-04-06 12:53:07,4.545704,101.147353,0.0,CSH
KFV861,2026-04-06 12:58:07,4.545704,101.147353,0.0,CSH
KFV861,2026-04-06 13:03:07,4.545704,101.147353,0.0,CSH
KFV861,2026-04-06 13:08:07,4.545704,101.147353,0.0,CSH
KFV861,2026-04-06 13:13:07,4.545704,101.147353,0.0,CSH
KFV861,2026-04-06 13:18:07,4.545704,101.147353,0.0,CSH
KFV861,2026-04-06 13:23:07,4.545704,101.147353,0.0,CSH
KFV861,2026-04-06 13:28:07,4.54554,101.147163,0.0,CSH
KFV861,2026-04-06 13:33:07,4.545351,101.146869,0.0,CSH
KFV861,2026-04-06 13:38:49,4.545438,101.14579,0.0,CSH
KFV861,2026-04-06 13:44:23,4.545131,101.146141,0.0,CSH
KFV861,2026-04-06 13:50:14,4.545663,101.147316,8.0,CSH
KFV861,2026-04-06 13:55:49,4.534695,101.14823,42.0,CSH
KFV861,2026-04-06 14:01:18,4.525243,101.131818,11.0,CSH
KFV861,2026-04-06 14:07:11,4.501008,101.140028,63.0,CSH
KFV861,2026-04-06 14:12:11,4.484514,101.095736,76.0,CSH
KFV861,2026-04-06 14:18:04,4.464886,101.044148,45.0,CSH
KFV861,2026-04-06 14:23:04,4.457001,101.027283,51.0,CSH
KFV861,2026-04-06 14:28:34,4.469223,100.996551,20.0,CSH
KFV861,2026-04-06 14:33:45,4.423245,100.993825,30.0,CSH
KFV861,2026-04-06 14:38:45,4.382245,100.980653,68.0,CSH
KFV861,2026-04-06 14:43:45,4.361773,100.974373,51.0,CSH
KFV861,2026-04-06 14:49:15,4.361648,100.940283,0.0,CSH
KFV861,2026-04-06 14:54:15,4.353801,100.920524,54.0,CSH
KFV861,2026-04-06 14:59:15,4.355036,100.876128,52.0,CSH
KFV861,2026-04-06 15:04:15,4.361576,100.844418,58.0,CSH
KFV861,2026-04-06 15:09:57,4.347113,100.807361,62.0,CSH
KFV861,2026-04-06 15:15:24,4.331621,100.799898,0.0,CSH
KFV861,2026-04-06 15:20:24,4.331621,100.799898,0.0,CSH
KFV861,2026-04-06 15:25:24,4.331621,100.799898,0.0,CSH
KFV861,2026-04-06 15:30:24,4.305095,100.789205,72.0,CSH
KFV861,2026-04-06 15:35:24,4.26115,100.753873,77.0,CSH
KFV861,2026-04-06 15:40:59,4.248456,100.720071,63.0,CSH
KFV861,2026-04-06 15:45:59,4.235993,100.68925,26.0,CSH
KFV861,2026-04-06 15:51:21,4.242091,100.676608,40.0,CSH
KFV861,2026-04-06 15:56:59,4.255018,100.663126,0.0,CSH
KFV861,2026-04-06 16:02:23,4.25399,100.659696,14.0,CSH
KFV861,2026-04-06 16:07:36,4.256269,100.662196,9.0,CSH
KFV861,2026-04-06 16:12:48,4.256086,100.662238,0.0,CSH
KFV861,2026-04-06 16:17:48,4.256086,100.662238,0.0,CSH
KFV861,2026-04-06 16:22:48,4.256286,100.662239,4.0,CSH
KFV861,2026-04-06 16:28:34,4.255231,100.662718,0.0,CSH
MDU6181,2026-04-06 14:14:27,4.545531,101.147164,0.0,CSH
MDU6181,2026-04-06 14:19:31,4.545466,101.145084,0.0,CSH
MDU6181,2026-04-06 14:24:35,4.545283,101.145342,0.0,CSH
MDU6181,2026-04-06 14:29:39,4.545283,101.145342,0.0,CSH
MDU6181,2026-04-06 14:34:42,4.546096,101.14592,7.4,CSH
MDU6181,2026-04-06 14:39:46,4.54606,101.145893,0.0,CSH
MDU6181,2026-04-06 14:44:50,4.545153,101.145937,5.55,CSH
MDU6181,2026-04-06 14:49:54,4.5451,101.146417,0.0,CSH
MDU6181,2026-04-06 14:54:58,4.545886,101.148355,20.35,CSH
MDU6181,2026-04-06 15:00:02,4.533681,101.137217,49.95,CSH
MDU6181,2026-04-06 15:05:05,4.529315,101.130444,0.0,CSH
MDU6181,2026-04-06 15:10:09,4.525766,101.121253,0.0,CSH
MDU6181,2026-04-06 15:15:13,4.52576,101.121102,0.0,CSH
MDU6181,2026-04-06 15:20:17,4.52576,101.121102,0.0,CSH
MDU6181,2026-04-06 15:25:20,4.52576,101.121102,0.0,CSH
MDU6181,2026-04-06 15:30:24,4.523711,101.112373,57.35,CSH
MDU6181,2026-04-06 15:35:28,4.515438,101.089244,33.3,CSH
MDU6181,2026-04-06 15:40:32,4.473945,101.069368,25.9,CSH
MDU6181,2026-04-06 15:45:36,4.462673,101.03624,40.7,CSH
MDU6181,2026-04-06 15:50:40,4.467811,101.006933,68.45,CSH
MDU6181,2026-04-06 15:55:43,4.427346,100.995644,83.25,CSH
MDU6181,2026-04-06 16:00:47,4.386823,100.980764,83.25,CSH
MDU6181,2026-04-06 16:05:51,4.358445,100.967448,40.7,CSH
MDU6181,2026-04-06 16:10:55,4.36221,100.943884,46.25,CSH
MDU6181,2026-04-06 16:15:59,4.350205,100.890844,83.25,CSH
MDU6181,2026-04-06 16:21:03,4.356931,100.866915,66.6,CSH
MDU6181,2026-04-06 16:26:06,4.354431,100.820711,70.3,CSH
MDU6181,2026-04-06 16:31:11,4.320893,100.795902,83.25,CSH
MDU6181,2026-04-06 16:36:14,4.266704,100.761866,83.25,CSH
MDU6181,2026-04-06 16:41:18,4.248121,100.725431,42.55,CSH
MDU6181,2026-04-06 16:46:22,4.239585,100.694711,72.15,CSH
MDU6181,2026-04-06 16:51:26,4.242118,100.676302,44.4,CSH
MDU6181,2026-04-06 16:56:30,4.254956,100.663342,0.0,CSH
MDU6181,2026-04-06 17:01:33,4.25505,100.662826,0.0,CSH
MDU6181,2026-04-06 17:06:37,4.254718,100.661164,3.7,CSH
MDU6181,2026-04-06 17:11:41,4.25644,100.662782,11.1,CSH
MDU6181,2026-04-06 17:16:44,4.256095,100.662275,0.0,CSH
MDU6181,2026-04-06 17:21:48,4.254255,100.65984,25.9,CSH
MDU6181,2026-04-06 17:26:52,4.25506,100.662826,0.0,CSH
MDU6181,2026-04-06 17:31:56,4.254861,100.661244,0.0,CSH
MDU6181,2026-04-06 17:37:00,4.25347,100.660151,0.0,CSH
MDU6181,2026-04-06 17:42:04,4.25343,100.660204,0.0,CSH
MDU6181,2026-04-06 17:47:07,4.253378,100.660071,0.0,CSH
MDU6181,2026-04-06 17:52:11,4.253378,100.660071,0.0,CSH
MDU6181,2026-04-06 17:57:15,4.253095,100.660613,0.0,CSH
MDU6181,2026-04-06 18:02:18,4.253095,100.660613,0.0,CSH
MDU6181,2026-04-06 18:07:22,4.254688,100.661155,0.0,CSH
MDU8161,2026-04-06 12:08:17,4.545736,101.147401,6.0,CSH
MDU8161,2026-04-06 12:13:55,4.545448,101.145783,0.0,CSH
MDU8161,2026-04-06 12:18:59,4.545148,101.14621,0.0,CSH
MDU8161,2026-04-06 12:23:59,4.545118,101.146411,0.0,CSH
MDU8161,2026-04-06 12:29:54,4.542203,101.152276,5.0,CSH
MDU8161,2026-04-06 12:35:25,4.529886,101.131141,23.0,CSH
MDU8161,2026-04-06 12:40:25,4.529305,101.130415,7.0,CSH
MDU8161,2026-04-06 12:46:10,4.525646,101.12135,0.0,CSH
MDU8161,2026-04-06 12:51:10,4.525663,101.120921,0.0,CSH
MDU8161,2026-04-06 12:56:10,4.525728,101.120859,0.0,CSH
MDU8161,2026-04-06 13:01:10,4.525728,101.120859,0.0,CSH
MDU8161,2026-04-06 13:06:10,4.525678,101.120794,0.0,CSH
MDU8161,2026-04-06 13:11:10,4.525678,101.120794,0.0,CSH
MDU8161,2026-04-06 13:16:34,4.515848,101.10307,64.0,CSH
MDU8161,2026-04-06 13:22:14,4.486908,101.070843,77.0,CSH
MDU8161,2026-04-06 13:28:02,4.464741,101.043398,26.0,CSH
MDU8161,2026-04-06 13:33:43,4.467976,101.011648,53.0,CSH
MDU8161,2026-04-06 13:39:05,4.43046,100.997941,76.0,CSH
MDU8161,2026-04-06 13:44:05,4.397259,100.982723,59.0,CSH
MDU8161,2026-04-06 13:49:05,4.358208,100.969003,60.0,CSH
MDU8161,2026-04-06 13:54:05,4.360986,100.938288,57.0,CSH
MDU8161,2026-04-06 13:59:45,4.353578,100.881648,0.0,CSH
MDU8161,2026-04-06 14:04:45,4.360566,100.857946,82.0,CSH
MDU8161,2026-04-06 14:09:45,4.354103,100.820515,72.0,CSH
MDU8161,2026-04-06 14:15:13,4.319746,100.795461,83.0,CSH
MDU8161,2026-04-06 14:20:13,4.266028,100.760938,85.0,CSH
MDU8161,2026-04-06 14:25:47,4.248455,100.720065,54.0,CSH
MDU8161,2026-04-06 14:30:47,4.23607,100.689511,0.0,CSH
MDU8161,2026-04-06 14:36:12,4.244516,100.664681,63.0,CSH
MDU8161,2026-04-06 14:41:34,4.253918,100.659668,13.0,CSH
MDU8161,2026-04-06 14:46:49,4.256243,100.662239,14.0,CSH
MDU8161,2026-04-06 14:52:33,4.256078,100.662208,0.0,CSH
MDU8161,2026-04-06 14:57:43,4.256326,100.662331,7.0,CSH
MDU8161,2026-04-06 15:03:30,4.255151,100.661378,0.0,CSH
MDU8161,2026-04-06 15:09:25,4.255088,100.66268,0.0,CSH
MDU8161,2026-04-06 15:15:05,4.253305,100.659363,10.0,CSH
MDU8161,2026-04-06 15:20:13,4.253228,100.65983,0.0,CSH
MDU8161,2026-04-06 15:25:41,4.253426,100.660069,0.0,CSH
MDU8161,2026-04-06 15:30:41,4.253426,100.660069,0.0,CSH
MDU8161,2026-04-06 15:35:41,4.253423,100.66016,0.0,CSH
MDU8161,2026-04-06 15:40:58,4.253136,100.659603,0.0,CSH
MDU8161,2026-04-06 15:45:58,4.253136,100.659603,0.0,CSH
MDU8161,2026-04-06 15:51:25,4.250548,100.659613,4.0,CSH
NEC8616,2026-04-06 15:22:00,4.545838,101.148008,18.5,CSH
NEC8616,2026-04-06 15:27:00,4.545248,101.145946,0.0,CSH
NEC8616,2026-04-06 15:32:00,4.545456,101.145786,0.0,CSH
NEC8616,2026-04-06 15:37:00,4.545516,101.145822,0.0,CSH
NEC8616,2026-04-06 15:42:00,4.545183,101.14616,0.0,CSH
NEC8616,2026-04-06 15:47:00,4.545465,101.146826,0.0,CSH
NEC8616,2026-04-06 15:52:00,4.539338,101.151493,37.0,CSH
NEC8616,2026-04-06 15:57:01,4.528768,101.130453,27.75,CSH
NEC8616,2026-04-06 16:02:01,4.506991,101.144684,61.05,CSH
NEC8616,2026-04-06 16:07:01,4.493036,101.119004,70.3,CSH
NEC8616,2026-04-06 16:12:01,4.472753,101.072195,64.75,CSH
NEC8616,2026-04-06 16:17:01,4.461726,101.034817,35.15,CSH
NEC8616,2026-04-06 16:22:01,4.467946,101.010231,42.55,CSH
NEC8616,2026-04-06 16:27:02,4.466523,100.996204,0.0,CSH
NEC8616,2026-04-06 16:32:02,4.466523,100.996204,0.0,CSH
NEC8616,2026-04-06 16:37:02,4.422945,100.993715,20.35,CSH
NEC8616,2026-04-06 16:42:02,4.382145,100.980586,74.0,CSH
NEC8616,2026-04-06 16:47:02,4.362433,100.97496,0.0,CSH
NEC8616,2026-04-06 16:52:02,4.359545,100.965466,49.95,CSH
NEC8616,2026-04-06 16:57:02,4.361858,100.940862,24.05,CSH
NEC8616,2026-04-06 17:02:03,4.35227,100.911102,77.7,CSH
NEC8616,2026-04-06 17:07:03,4.355716,100.87224,5.55,CSH
NEC8616,2026-04-06 17:12:03,4.361663,100.846613,57.35,CSH
NEC8616,2026-04-06 17:17:03,4.349543,100.816737,5.55,CSH
NEC8616,2026-04-06 17:22:03,4.334889,100.801786,49.95,CSH
NEC8616,2026-04-06 17:27:03,4.28019,100.773457,85.1,CSH
NEC8616,2026-04-06 17:32:03,4.247111,100.735813,62.9,CSH
NEC8616,2026-04-06 17:37:03,4.248625,100.718142,0.0,CSH
NEC8616,2026-04-06 17:42:04,4.237191,100.691431,53.65,CSH
NEC8616,2026-04-06 17:47:04,4.241566,100.678337,0.0,CSH
NEC8616,2026-04-06 17:52:04,4.25366,100.663822,14.8,CSH
NEC8616,2026-04-06 17:57:04,4.25533,100.661715,12.95,CSH
NEC8616,2026-04-06 18:02:04,4.256486,100.661128,9.25,CSH
NEC8616,2026-04-06 18:07:04,4.256141,100.662124,0.0,CSH
NEC8616,2026-04-06 18:12:05,4.256141,100.662124,0.0,CSH
NEC8616,2026-04-06 18:17:05,4.256156,100.662124,0.0,CSH
NEC8616,2026-04-06 18:22:05,4.256171,100.662133,0.0,CSH
NEC8616,2026-04-06 18:27:05,4.255873,100.662524,1.85,CSH
NEC8616,2026-04-06 18:32:05,4.254983,100.661297,5.55,CSH
TDA8116,2026-04-06 10:32:38,4.545321,101.146862,5.55,CSH
TDA8116,2026-04-06 10:38:37,4.545299,101.145715,0.0,CSH
TDA8116,2026-04-06 10:44:36,4.545126,101.146133,0.0,CSH
TDA8116,2026-04-06 10:50:21,4.545441,101.146871,5.55,CSH
TDA8116,2026-04-06 10:55:34,4.534304,101.142373,49.95,CSH
TDA8116,2026-04-06 11:00:34,4.525385,101.131813,0.0,CSH
TDA8116,2026-04-06 11:06:33,4.499893,101.133706,75.85,CSH
TDA8116,2026-04-06 11:12:32,4.472845,101.070151,53.65,CSH
TDA8116,2026-04-06 11:18:31,4.457041,101.026622,66.6,CSH
TDA8116,2026-04-06 11:23:44,4.469146,100.996311,27.75,CSH
TDA8116,2026-04-06 11:29:29,4.414388,100.987217,77.7,CSH
TDA8116,2026-04-06 11:34:29,4.371711,100.980035,85.1,CSH
TDA8116,2026-04-06 11:40:28,4.362066,100.942373,79.55,CSH
TDA8116,2026-04-06 11:45:38,4.351079,100.886942,79.55,CSH
TDA8116,2026-04-06 11:51:26,4.361675,100.848497,74.0,CSH
TDA8116,2026-04-06 11:57:25,4.344739,100.8032,51.8,CSH
TDA8116,2026-04-06 12:02:25,4.299968,100.786355,88.8,CSH
TDA8116,2026-04-06 12:08:03,4.244535,100.73952,46.25,CSH
TDA8116,2026-04-06 12:13:23,4.24655,100.70216,68.45,CSH
TDA8116,2026-04-06 12:19:22,4.241566,100.678373,0.0,CSH
TDA8116,2026-04-06 12:24:22,4.254923,100.663831,12.95,CSH
TDA8116,2026-04-06 12:30:03,4.25533,100.660302,20.35,CSH
TDA8116,2026-04-06 12:35:20,4.255241,100.6616,0.0,CSH
TDA8116,2026-04-06 12:41:19,4.256116,100.662542,0.0,CSH
TDA8116,2026-04-06 12:46:29,4.254871,100.66128,7.4,CSH
TDA8116,2026-04-06 12:51:56,4.254158,100.661022,5.55,CSH
TDA8116,2026-04-06 12:57:16,4.253325,100.660222,0.0,CSH
TDA8116,2026-04-06 13:02:16,4.253363,100.660204,0.0,CSH
TDA8116,2026-04-06 13:08:15,4.253363,100.660204,0.0,CSH
TDA8116,2026-04-06 13:14:14,4.253363,100.660204,0.0,CSH
TDA8116,2026-04-06 13:20:13,4.253043,100.660577,0.0,CSH
TDA8116,2026-04-06 13:26:02,4.255285,100.662755,5.55,CSH
TDA8161,2026-04-06 07:17:46,4.545826,101.148168,0.0,CSH
TDA8161,2026-04-06 07:22:46,4.545793,101.147675,0.0,CSH
TDA8161,2026-04-06 07:27:46,4.54512,101.146676,6.0,CSH
TDA8161,2026-04-06 07:33:12,4.545471,101.145035,0.0,CSH
TDA8161,2026-04-06 07:38:12,4.545338,101.145168,0.0,CSH
TDA8161,2026-04-06 07:43:12,4.545226,101.145328,0.0,CSH
TDA8161,2026-04-06 07:48:12,4.545226,101.145328,0.0,CSH
TDA8161,2026-04-06 07:53:12,4.545208,101.145529,0.0,CSH
TDA8161,2026-04-06 07:59:04,4.545311,101.145753,0.0,CSH
TDA8161,2026-04-06 08:04:04,4.545311,101.145753,0.0,CSH
TDA8161,2026-04-06 08:09:04,4.545311,101.145753,0.0,CSH
TDA8161,2026-04-06 08:14:12,4.545111,101.146103,0.0,CSH
TDA8161,2026-04-06 08:19:12,4.545086,101.146391,0.0,CSH
TDA8161,2026-04-06 08:25:06,4.543484,101.151503,14.0,CSH
TDA8161,2026-04-06 08:30:55,4.529033,101.13031,10.0,CSH
TDA8161,2026-04-06 08:35:55,4.512765,101.13945,63.0,CSH
TDA8161,2026-04-06 08:41:10,4.495806,101.125424,50.0,CSH
TDA8161,2026-04-06 08:46:31,4.472858,101.06985,47.0,CSH
TDA8161,2026-04-06 08:51:49,4.463688,101.038736,42.0,CSH
TDA8161,2026-04-06 08:57:27,4.467686,101.003558,43.0,CSH
TDA8161,2026-04-06 09:02:42,4.433088,100.998418,83.0,CSH
TDA8161,2026-04-06 09:08:21,4.399945,100.983948,49.0,CSH
TDA8161,2026-04-06 09:13:50,4.358188,100.968913,44.0,CSH
TDA8161,2026-04-06 09:18:50,4.361446,100.939543,41.0,CSH
TDA8161,2026-04-06 09:24:43,4.350115,100.891193,85.0,CSH
TDA8161,2026-04-06 09:30:12,4.361868,100.853339,77.0,CSH
TDA8161,2026-04-06 09:35:41,4.359528,100.825031,36.0,CSH
TDA8161,2026-04-06 09:41:24,4.326231,100.797843,82.0,CSH
TDA8161,2026-04-06 09:46:24,4.270261,100.765789,85.0,CSH
TDA8161,2026-04-06 09:51:26,4.247759,100.729048,17.0,CSH
TDA8161,2026-04-06 09:56:47,4.248359,100.721463,0.0,CSH
TDA8161,2026-04-06 10:01:47,4.236741,100.690761,46.0,CSH
TDA8161,2026-04-06 10:07:32,4.245405,100.662255,31.0,CSH
TDA8161,2026-04-06 10:13:07,4.255023,100.662978,0.0,CSH
TDA8161,2026-04-06 10:18:13,4.253968,100.659681,12.0,CSH
TDA8161,2026-04-06 10:23:53,4.254831,100.661226,0.0,CSH
TDA8161,2026-04-06 10:29:02,4.256071,100.662291,7.0,CSH
TDA8161,2026-04-06 10:34:14,4.256046,100.662103,0.0,CSH
TDA8161,2026-04-06 10:39:25,4.256201,100.662141,0.0,CSH
TDA8161,2026-04-06 10:44:46,4.25508,100.661369,7.0,CSH
